-1055.2,4448,27011
-1054.8,4446,27009
-1054.4,4444,27007
-1054,4452,27006
-1053.6,4456,27004
-1053.3,4459,27001
-1052.9,4465,26998
-1052.5,4474,26995
-1052.1,4474,26992
-1051.7,4486,26989
-1051.3,4472,26986
-1050.9,4462,26983
-1050.5,4456,26980
-1050.1,4447,26977
-1049.7,4433,26974
-1049.3,4418,26971
-1048.9,4437,26969
-1048.5,4429,26966
-1048.1,4435,26963
-1047.7,4438,26960
-1047.3,4434,26957
-1046.9,4425,26954
-1046.5,4428,26951
-1046.1,4423,26947
-1045.7,4414,26944
-1045.3,4405,26940
-1044.9,4392,26935
-1044.5,4381,26929
-1044.1,4382,26924
-1043.7,4385,26918
-1043.3,4370,26912
-1042.9,4373,26907
-1042.5,4379,26902
-1042.1,4380,26898
-1041.7,4380,26894
-1041.3,4373,26891
-1040.9,4377,26889
-1040.5,4359,26887
-1040.1,4352,26887
-1039.7,4356,26887
-1039.3,4350,26887
-1039,4354,26888
-1038.6,4344,26889
-1038.2,4340,26889
-1037.8,4320,26890
-1037.4,4314,26889
-1037,4316,26888
-1036.6,4317,26886
-1036.2,4326,26883
-1035.8,4332,26879
-1035.4,4322,26875
-1035,4325,26869
-1034.6,4317,26864
-1034.2,4316,26858
-1033.8,4316,26853
-1033.4,4313,26847
-1033,4313,26841
-1032.6,4314,26837
-1032.2,4329,26834
-1031.9,4330,26834
-1031.5,4319,26835
-1031.1,4306,26837
-1030.7,4300,26840
-1030.3,4302,26845
-1029.9,4305,26852
-1029.5,4312,26863
-1029.1,4305,26873
-1028.7,4295,26886
-1028.3,4291,26902
-1027.9,4291,26914
-1027.5,4285,26928
-1027.1,4286,26942
-1026.7,4281,26957
-1026.3,4275,26970
-1025.9,4273,26983
-1025.5,4281,26996
-1025.1,4288,27007
-1024.7,4294,27016
-1024.3,4271,27022
-1023.9,4256,27027
-1023.5,4252,27030
-1023.2,4239,27031
-1022.8,4240,27031
-1022.4,4238,27030
-1022,4243,27027
-1021.6,4258,27023
-1021.2,4248,27017
-1020.8,4235,27010
-1020.4,4236,27001
-1020,4233,26991
-1019.6,4221,26980
-1019.2,4210,26968
-1018.8,4214,26954
-1018.4,4193,26940
-1018,4187,26923
-1017.7,4191,26907
-1017.3,4204,26890
-1016.9,4218,26871
-1016.5,4234,26852
-1016.1,4239,26833
-1015.7,4250,26815
-1015.3,4257,26796
-1014.9,4259,26778
-1014.5,4261,26763
-1014.1,4271,26748
-1013.7,4272,26734
-1013.4,4284,26722
-1013,4282,26713
-1012.6,4285,26707
-1012.2,4289,26701
-1011.8,4296,26699
-1011.4,4306,26698
-1011.1,4308,26699
-1010.7,4315,26702
-1010.3,4316,26706
-1009.9,4321,26711
-1009.5,4331,26718
-1009.1,4335,26725
-1008.7,4336,26733
-1008.3,4347,26739
-1008,4357,26745
-1007.6,4367,26750
-1007.2,4365,26754
-1006.8,4372,26757
-1006.4,4374,26760
-1006,4381,26761
-1005.6,4390,26762
-1005.2,4388,26763
-1004.9,4394,26763
-1004.5,4402,26764
-1004.1,4404,26764
-1003.7,4420,26765
-1003.3,4416,26766
-1002.9,4418,26768
-1002.6,4429,26770
-1002.2,4420,26773
-1001.8,4430,26775
-1001.4,4421,26778
-1001,4453,26782
-1000.7,4443,26787
-1000.3,4476,26791
-999.89,4469,26795
-999.5,4462,26800
-999.12,4449,26804
-998.74,4446,26808
-998.35,4445,26812
-997.97,4438,26815
-997.59,4439,26819
-997.21,4446,26822
-996.83,4453,26826
-996.44,4457,26829
-996.06,4459,26833
-995.68,4472,26837
-995.3,4473,26842
-994.92,4470,26847
-994.54,4466,26852
-994.16,4473,26857
-993.78,4468,26862
-993.4,4472,26867
-993.02,4468,26873
-992.64,4467,26878
-992.26,4483,26883
-991.88,4472,26889
-991.51,4475,26894
-991.13,4478,26898
-990.76,4483,26901
-990.39,4481,26904
-990.01,4481,26907
-989.64,4477,26910
-989.27,4488,26913
-988.89,4478,26915
-988.52,4480,26919
-988.15,4481,26923
-987.78,4485,26926
-987.41,4485,26929
-987.04,4487,26932
-986.67,4486,26935
-986.3,4487,26938
-985.93,4483,26940
-985.56,4491,26943
-985.19,4485,26944
-984.82,4486,26946
-984.45,4481,26947
-984.08,4482,26947
-983.71,4484,26947
-983.33,4477,26947
-982.96,4480,26947
-982.6,4482,26947
-982.23,4484,26946
-981.86,4504,26945
-981.49,4497,26944
-981.13,4504,26943
-980.76,4543,26942
-980.39,4512,26942
-980.02,4526,26941
-979.66,4529,26941
-979.29,4535,26941
-978.93,4514,26941
-978.56,4496,26942
-978.19,4473,26941
-977.82,4489,26940
-977.45,4435,26939
-977.09,4415,26938
-976.72,4416,26937
-976.35,4421,26936
-975.99,4432,26934
-975.62,4461,26932
-975.26,4502,26930
-974.89,4509,26928
-974.53,4519,26925
-974.16,4519,26923
-973.79,4491,26919
-973.42,4423,26916
-973.05,4374,26911
-972.69,4351,26908
-972.31,4327,26905
-971.95,4272,26902
-971.58,4244,26897
-971.22,4247,26892
-970.85,4253,26886
-970.49,4263,26880
-970.12,4285,26874
-969.76,4300,26868
-969.39,4305,26863
-969.03,4332,26857
-968.67,4330,26852
-968.3,4339,26849
-967.93,4343,26846
-967.57,4354,26844
-967.2,4363,26842
-966.83,4364,26842
-966.46,4364,26844
-966.09,4359,26844
-965.73,4364,26846
-965.36,4362,26847
-964.99,4367,26848
-964.63,4375,26848
-964.27,4377,26847
-963.9,4387,26846
-963.54,4415,26845
-963.17,4416,26843
-962.81,4427,26839
-962.44,4444,26834
-962.08,4473,26828
-961.71,4488,26822
-961.35,4474,26815
-960.98,4470,26809
-960.62,4477,26801
-960.25,4493,26794
-959.89,4500,26788
-959.53,4526,26780
-959.17,4572,26773
-958.81,4556,26767
-958.44,4537,26761
-958.08,4539,26756
-957.72,4546,26751
-957.36,4535,26747
-957,4529,26742
-956.64,4512,26738
-956.28,4469,26735
-955.92,4439,26732
-955.56,4424,26728
-955.2,4411,26726
-954.83,4419,26725
-954.47,4422,26723
-954.11,4413,26721
-953.74,4411,26718
-953.38,4410,26716
-953.01,4402,26713
-952.65,4401,26710
-952.29,4408,26707
-951.93,4407,26704
-951.57,4391,26701
-951.21,4393,26697
-950.84,4388,26693
-950.48,4383,26689
-950.12,4381,26685
-949.75,4377,26681
-949.39,4376,26678
-949.03,4375,26675
-948.67,4373,26672
-948.31,4371,26670
-947.95,4384,26668
-947.59,4369,26667
-947.23,4376,26665
-946.86,4364,26665
-946.5,4365,26666
-946.14,4367,26666
-945.78,4366,26666
-945.41,4370,26667
-945.05,4365,26667
-944.69,4365,26667
-944.33,4366,26668
-943.97,4370,26668
-943.61,4370,26669
-943.24,4372,26669
-942.88,4376,26671
-942.52,4375,26672
-942.16,4378,26671
-941.8,4378,26671
-941.44,4378,26671
-941.08,4379,26671
-940.72,4376,26671
-940.36,4387,26672
-940,4387,26674
-939.64,4398,26677
-939.28,4396,26679
-938.92,4410,26680
-938.56,4408,26681
-938.2,4414,26681
-937.84,4411,26681
-937.48,4426,26681
-937.12,4422,26682
-936.76,4416,26682
-936.4,4415,26681
-936.04,4411,26681
-935.68,4413,26680
-935.33,4407,26679
-934.97,4411,26678
-934.61,4414,26677
-934.25,4420,26676
-933.89,4434,26676
-933.53,4436,26675
-933.18,4443,26675
-932.82,4447,26675
-932.46,4453,26676
-932.09,4446,26677
-931.73,4453,26678
-931.37,4441,26679
-931.01,4437,26682
-930.65,4437,26684
-930.29,4436,26686
-929.93,4433,26686
-929.57,4430,26686
-929.21,4427,26686
-928.86,4431,26685
-928.5,4425,26683
-928.15,4435,26682
-927.79,4434,26679
-927.44,4442,26677
-927.08,4447,26674
-926.73,4448,26671
-926.37,4461,26667
-926.02,4461,26664
-925.66,4458,26658
-925.3,4440,26653
-924.94,4429,26648
-924.58,4430,26643
-924.23,4427,26638
-923.87,4402,26632
-923.51,4394,26627
-923.15,4383,26623
-922.79,4380,26619
-922.43,4392,26615
-922.07,4383,26611
-921.71,4398,26608
-921.35,4366,26605
-920.99,4379,26602
-920.63,4372,26599
-920.27,4374,26596
-919.91,4400,26593
-919.55,4395,26591
-919.19,4420,26590
-918.83,4425,26589
-918.47,4430,26588
-918.11,4424,26589
-917.74,4426,26591
-917.38,4409,26592
-917.02,4405,26594
-916.65,4406,26597
-916.29,4412,26601
-915.92,4422,26605
-915.56,4433,26609
-915.2,4438,26613
-914.84,4439,26617
-914.48,4443,26620
-914.12,4442,26623
-913.75,4442,26626
-913.39,4443,26631
-913.02,4459,26633
-912.66,4459,26637
-912.3,4463,26641
-911.93,4467,26646
-911.57,4470,26650
-911.2,4471,26652
-910.83,4464,26654
-910.47,4463,26658
-910.1,4468,26661
-909.74,4484,26666
-909.38,4488,26669
-909.01,4504,26672
-908.65,4497,26675
-908.29,4498,26679
-907.92,4503,26681
-907.55,4513,26684
-907.19,4513,26687
-906.82,4507,26689
-906.46,4517,26691
-906.09,4517,26694
-905.73,4516,26696
-905.36,4514,26699
-904.99,4508,26702
-904.63,4509,26704
-904.26,4515,26707
-903.9,4511,26710
-903.53,4520,26712
-903.16,4517,26714
-902.8,4521,26716
-902.43,4518,26719
-902.06,4522,26722
-901.69,4515,26725
-901.32,4524,26728
-900.95,4518,26732
-900.58,4526,26737
-900.21,4530,26743
-899.84,4528,26751
-899.47,4521,26757
-899.11,4532,26762
-898.74,4518,26767
-898.37,4524,26775
-898,4522,26782
-897.63,4531,26788
-897.27,4535,26795
-896.91,4549,26801
-896.54,4542,26806
-896.18,4542,26812
-895.82,4526,26816
-895.46,4528,26821
-895.1,4525,26826
-894.74,4515,26828
-894.37,4520,26833
-894.01,4514,26838
-893.65,4510,26841
-893.29,4511,26845
-892.92,4508,26847
-892.56,4504,26850
-892.19,4507,26853
-891.83,4513,26855
-891.46,4499,26857
-891.09,4504,26859
-890.73,4490,26861
-890.36,4486,26864
-890,4492,26867
-889.63,4483,26869
-889.26,4474,26871
-888.9,4478,26873
-888.54,4484,26875
-888.17,4462,26876
-887.81,4458,26877
-887.45,4452,26877
-887.09,4454,26877
-886.73,4454,26877
-886.37,4440,26877
-886.01,4433,26876
-885.64,4429,26876
-885.27,4415,26877
-884.91,4439,26876
-884.55,4406,26877
-884.18,4403,26877
-883.82,4401,26878
-883.45,4390,26880
-883.09,4395,26881
-882.73,4382,26883
-882.36,4378,26885
-882,4385,26886
-881.64,4374,26888
-881.28,4376,26891
-880.91,4380,26893
-880.55,4382,26895
-880.19,4403,26899
-879.83,4400,26903
-879.47,4391,26905
-879.11,4393,26908
-878.75,4394,26911
-878.39,4396,26913
-878.03,4395,26914
-877.67,4394,26916
-877.32,4397,26918
-876.96,4405,26918
-876.59,4400,26919
-876.23,4401,26918
-875.87,4404,26918
-875.51,4408,26915
-875.15,4419,26913
-874.79,4416,26911
-874.44,4421,26909
-874.08,4422,26907
-873.72,4425,26904
-873.36,4432,26902
-873,4435,26899
-872.64,4440,26896
-872.28,4442,26894
-871.92,4453,26893
-871.55,4456,26892
-871.19,4463,26890
-870.83,4466,26888
-870.46,4473,26885
-870.09,4473,26882
-869.73,4474,26879
-869.36,4477,26875
-869,4495,26871
-868.63,4508,26865
-868.26,4514,26860
-867.89,4523,26855
-867.53,4524,26849
-867.17,4525,26842
-866.8,4539,26835
-866.43,4529,26828
-866.07,4514,26821
-865.7,4519,26813
-865.33,4511,26805
-864.97,4521,26797
-864.61,4527,26789
-864.24,4515,26781
-863.87,4519,26774
-863.51,4524,26767
-863.15,4523,26760
-862.78,4523,26753
-862.42,4522,26746
-862.06,4523,26740
-861.7,4523,26736
-861.34,4531,26731
-860.98,4527,26727
-860.61,4521,26722
-860.25,4524,26719
-859.88,4525,26716
-859.52,4522,26714
-859.16,4524,26711
-858.8,4522,26709
-858.43,4525,26706
-858.07,4531,26704
-857.71,4525,26701
-857.34,4524,26698
-856.98,4528,26695
-856.61,4527,26691
-856.25,4527,26688
-855.88,4532,26684
-855.52,4524,26680
-855.15,4526,26676
-854.79,4524,26671
-854.43,4524,26666
-854.06,4524,26661
-853.69,4520,26656
-853.33,4523,26652
-852.96,4522,26648
-852.6,4531,26644
-852.23,4528,26640
-851.86,4527,26638
-851.5,4529,26637
-851.13,4523,26635
-850.76,4521,26634
-850.39,4525,26634
-850.02,4526,26634
-849.65,4521,26635
-849.28,4526,26636
-848.91,4529,26638
-848.54,4530,26641
-848.17,4524,26645
-847.8,4525,26651
-847.43,4527,26659
-847.06,4527,26667
-846.69,4515,26678
-846.32,4529,26689
-845.95,4542,26702
-845.58,4539,26717
-845.21,4534,26731
-844.83,4531,26745
-844.46,4517,26760
-844.09,4502,26775
-843.71,4496,26789
-843.34,4492,26802
-842.97,4492,26816
-842.6,4542,26828
-842.22,4514,26839
-841.85,4529,26850
-841.47,4519,26861
-841.1,4449,26871
-840.73,4376,26879
-840.35,4345,26888
-839.97,4321,26894
-839.6,4308,26899
-839.23,4292,26905
-838.85,4288,26911
-838.48,4259,26915
-838.1,4248,26920
-837.73,4199,26926
-837.35,4169,26933
-836.98,4160,26940
-836.61,4150,26946
-836.23,4136,26952
-835.86,4108,26958
-835.48,4080,26963
-835.11,4071,26969
-834.73,4098,26975
-834.35,4140,26980
-833.98,4194,26986
-833.61,4219,26992
-833.23,4170,26998
-832.85,4070,27003
-832.48,4016,27007
-832.1,3984,27011
-831.72,3982,27014
-831.34,4024,27016
-830.96,4074,27017
-830.58,4136,27017
-830.2,4176,27017
-829.82,4194,27015
-829.44,4216,27013
-829.06,4235,27009
-828.68,4253,27005
-828.3,4277,27000
-827.91,4295,26995
-827.53,4328,26988
-827.15,4391,26979
-826.77,4394,26969
-826.39,4386,26957
-826,4366,26942
-825.62,4386,26926
-825.24,4442,26908
-824.85,4480,26887
-824.47,4459,26865
-824.08,4431,26843
-823.7,4382,26821
-823.31,4375,26799
-822.93,4380,26778
-822.54,4392,26759
-822.16,4393,26741
-821.77,4407,26726
-821.38,4376,26713
-821,4370,26702
-820.61,4380,26693
-820.23,4405,26686
-819.84,4387,26680
-819.45,4380,26678
-819.06,4371,26677
-818.67,4371,26679
-818.28,4381,26683
-817.89,4389,26688
-817.51,4394,26695
-817.12,4402,26702
-816.74,4414,26713
-816.35,4426,26724
-815.96,4407,26734
-815.57,4414,26745
-815.19,4390,26756
-814.8,4357,26768
-814.41,4315,26779
-814.03,4313,26789
-813.64,4304,26799
-813.26,4308,26809
-812.87,4296,26818
-812.48,4288,26824
-812.09,4277,26831
-811.71,4272,26837
-811.32,4269,26843
-810.93,4270,26849
-810.54,4262,26854
-810.15,4259,26859
-809.76,4247,26864
-809.37,4225,26871
-808.98,4220,26877
-808.59,4210,26881
-808.2,4205,26886
-807.81,4193,26892
-807.42,4181,26896
-807.03,4171,26901
-806.64,4165,26904
-806.25,4151,26906
-805.86,4146,26908
-805.47,4135,26910
-805.08,4133,26911
-804.69,4094,26912
-804.3,4072,26913
-803.91,4064,26913
-803.52,4053,26914
-803.13,4044,26914
-802.74,4033,26914
-802.34,4018,26914
-801.95,4009,26914
-801.56,4002,26913
-801.17,4003,26912
-800.77,4006,26911
-800.38,4008,26910
-799.99,4009,26909
-799.6,4021,26907
-799.21,4042,26905
-798.82,4027,26903
-798.42,4031,26902
-798.03,4016,26901
-797.63,4011,26899
-797.24,4010,26897
-796.84,4013,26895
-796.45,4026,26894
-796.05,4038,26892
-795.66,4047,26891
-795.26,4054,26890
-794.87,4062,26888
-794.48,4069,26885
-794.08,4082,26882
-793.68,4088,26879
-793.29,4104,26877
-792.9,4122,26874
-792.5,4147,26871
-792.11,4172,26868
-791.71,4213,26865
-791.31,4313,26863
-790.92,4369,26861
-790.52,4435,26860
-790.13,4574,26860
-789.73,4641,26861
-789.34,4640,26863
-788.95,4652,26867
-788.55,4651,26873
-788.16,4625,26879
-787.77,4589,26887
-787.37,4598,26896
-786.97,4573,26905
-786.58,4522,26915
-786.18,4498,26925
-785.78,4479,26936
-785.39,4440,26946
-784.99,4414,26954
-784.59,4375,26962
-784.2,4390,26969
-783.8,4359,26975
-783.4,4316,26979
-783,4288,26982
-782.61,4276,26984
-782.22,4264,26982
-781.82,4248,26979
-781.43,4236,26971
-781.04,4213,26962
-780.64,4201,26949
-780.25,4196,26934
-779.85,4199,26915
-779.45,4206,26894
-779.06,4220,26870
-778.66,4225,26845
-778.26,4239,26818
-777.86,4242,26791
-777.47,4244,26763
-777.07,4235,26734
-776.67,4235,26708
-776.28,4238,26681
-775.88,4273,26656
-775.48,4253,26631
-775.09,4276,26611
-774.69,4272,26589
-774.3,4308,26572
-773.9,4356,26556
-773.51,4345,26543
-773.11,4343,26531
-772.72,4342,26521
-772.32,4334,26513
-771.93,4334,26506
-771.54,4320,26500
-771.15,4322,26495
-770.75,4299,26491
-770.36,4299,26488
-769.96,4309,26485
-769.56,4331,26484
-769.17,4352,26483
-768.77,4333,26482
-768.37,4303,26482
-767.98,4299,26484
-767.58,4289,26486
-767.19,4272,26488
-766.79,4252,26492
-766.39,4233,26495
-765.99,4211,26498
-765.6,4202,26501
-765.2,4187,26506
-764.81,4160,26509
-764.41,4143,26514
-764.02,4130,26519
-763.62,4124,26523
-763.23,4114,26528
-762.83,4115,26533
-762.43,4119,26538
-762.04,4122,26545
-761.64,4130,26553
-761.25,4126,26560
-760.85,4128,26568
-760.46,4139,26575
-760.06,4139,26581
-759.67,4142,26586
-759.28,4142,26591
-758.88,4156,26594
-758.48,4160,26595
-758.09,4171,26597
-757.69,4177,26601
-757.29,4178,26601
-756.89,4186,26604
-756.5,4207,26603
-756.1,4206,26603
-755.7,4214,26602
-755.31,4218,26601
-754.92,4234,26600
-754.52,4234,26599
-754.13,4226,26598
-753.73,4227,26597
-753.33,4228,26596
-752.94,4232,26594
-752.54,4223,26593
-752.14,4231,26592
-751.75,4227,26590
-751.35,4228,26589
-750.96,4233,26588
-750.57,4227,26585
-750.17,4220,26583
-749.78,4218,26580
-749.38,4213,26577
-748.99,4216,26575
-748.6,4215,26574
-748.21,4215,26573
-747.82,4213,26573
-747.42,4218,26572
-747.03,4210,26571
-746.64,4202,26571
-746.24,4201,26571
-745.85,4189,26570
-745.45,4186,26569
-745.05,4184,26567
-744.66,4177,26564
-744.26,4171,26561
-743.87,4176,26558
-743.47,4183,26555
-743.08,4185,26552
-742.69,4191,26549
-742.3,4191,26546
-741.9,4194,26545
-741.51,4197,26543
-741.12,4206,26542
-740.73,4202,26541
-740.34,4177,26540
-739.95,4156,26539
-739.56,4165,26539
-739.18,4161,26539
-738.79,4168,26540
-738.41,4182,26540
-738.02,4191,26541
-737.63,4221,26542
-737.24,4264,26544
-736.86,4321,26545
-736.47,4371,26548
-736.09,4374,26550
-735.7,4351,26553
-735.32,4326,26556
-734.93,4306,26559
-734.55,4456,26562
-734.16,4499,26565
-733.78,4494,26567
-733.4,4414,26569
-733.01,4385,26571
-732.63,4306,26573
-732.24,4260,26575
-731.86,4213,26577
-731.48,4194,26578
-731.1,4187,26580
-730.73,4187,26582
-730.35,4189,26585
-729.96,4193,26589
-729.58,4203,26592
-729.2,4206,26596
-728.82,4214,26600
-728.45,4229,26606
-728.07,4239,26613
-727.68,4260,26623
-727.3,4225,26634
-726.92,4231,26647
-726.55,4254,26661
-726.17,4275,26677
-725.79,4288,26694
-725.42,4300,26711
-725.04,4313,26728
-724.67,4330,26745
-724.29,4341,26761
-723.91,4350,26775
-723.54,4363,26789
-723.16,4385,26801
-722.78,4414,26811
-722.4,4445,26820
-722.02,4459,26828
-721.63,4474,26834
-721.25,4461,26838
-720.87,4472,26840
-720.5,4547,26840
-720.12,4494,26839
-719.74,4460,26836
-719.37,4431,26831
-718.99,4496,26824
-718.61,4528,26815
-718.24,4528,26804
-717.86,4520,26793
-717.48,4551,26780
-717.1,4592,26764
-716.72,4587,26747
-716.34,4523,26729
-715.97,4548,26709
-715.59,4635,26688
-715.22,4703,26667
-714.85,4720,26645
-714.47,4724,26623
-714.09,4711,26602
-713.72,4618,26581
-713.35,4553,26561
-712.97,4500,26545
-712.6,4470,26530
-712.22,4452,26517
-711.85,4468,26506
-711.47,4438,26496
-711.09,4436,26490
-710.72,4431,26485
-710.34,4421,26482
-709.96,4423,26481
-709.59,4389,26481
-709.21,4387,26483
-708.84,4398,26486
-708.46,4374,26491
-708.09,4366,26497
-707.71,4357,26504
-707.34,4345,26512
-706.97,4343,26522
-706.59,4346,26532
-706.22,4340,26544
-705.84,4354,26555
-705.46,4376,26568
-705.08,4355,26582
-704.71,4342,26598
-704.33,4314,26615
-703.96,4309,26632
-703.58,4306,26650
-703.21,4301,26667
-702.83,4306,26685
-702.46,4301,26701
-702.09,4298,26716
-701.71,4315,26730
-701.34,4284,26741
-700.97,4286,26751
-700.6,4268,26758
-700.23,4269,26762
-699.86,4268,26765
-699.49,4271,26765
-699.12,4270,26762
-698.75,4267,26759
-698.38,4261,26753
-698.01,4259,26747
-697.64,4258,26739
-697.27,4257,26731
-696.9,4256,26722
-696.53,4255,26713
-696.16,4251,26704
-695.79,4258,26694
-695.42,4257,26685
-695.06,4248,26677
-694.69,4241,26670
-694.33,4244,26664
-693.96,4232,26660
-693.59,4235,26657
-693.22,4243,26655
-692.84,4236,26655
-692.47,4251,26657
-692.1,4247,26658
-691.73,4248,26661
-691.37,4241,26664
-691,4239,26666
-690.63,4241,26667
-690.26,4241,26667
-689.89,4239,26665
-689.51,4249,26661
-689.14,4240,26656
-688.77,4235,26648
-688.4,4239,26639
-688.02,4238,26628
-687.65,4239,26615
-687.28,4237,26600
-686.91,4243,26586
-686.54,4242,26570
-686.17,4247,26554
-685.81,4237,26538
-685.45,4235,26524
-685.08,4234,26511
-684.72,4237,26498
-684.35,4245,26487
-683.98,4241,26477
-683.62,4235,26469
-683.25,4215,26462
-682.89,4202,26456
-682.52,4191,26452
-682.16,4187,26449
-681.79,4193,26447
-681.42,4197,26446
-681.05,4208,26445
-680.69,4215,26444
-680.32,4224,26444
-679.95,4229,26445
-679.58,4240,26445
-679.21,4251,26445
-678.84,4261,26445
-678.47,4262,26445
-678.09,4271,26445
-677.72,4270,26445
-677.35,4298,26445
-676.98,4298,26445
-676.61,4303,26445
-676.24,4293,26446
-675.87,4290,26446
-675.49,4289,26446
-675.12,4288,26446
-674.76,4291,26446
-674.38,4291,26446
-674.01,4285,26446
-673.63,4285,26446
-673.26,4285,26446
-672.89,4282,26446
-672.52,4281,26446
-672.15,4284,26447
-671.78,4304,26449
-671.41,4323,26452
-671.04,4314,26457
-670.67,4308,26463
-670.3,4296,26470
-669.93,4321,26479
-669.55,4298,26490
-669.18,4294,26502
-668.81,4284,26515
-668.44,4287,26529
-668.07,4293,26544
-667.69,4332,26560
-667.32,4305,26576
-666.94,4302,26592
-666.57,4300,26608
-666.2,4284,26624
-665.82,4281,26639
-665.44,4287,26652
-665.07,4286,26663
-664.69,4284,26672
-664.31,4283,26679
-663.93,4280,26682
-663.56,4255,26684
-663.18,4254,26684
-662.8,4253,26683
-662.41,4254,26680
-662.03,4269,26677
-661.65,4278,26674
-661.27,4283,26671
-660.88,4284,26669
-660.51,4293,26667
-660.12,4301,26666
-659.74,4269,26664
-659.36,4261,26662
-658.98,4276,26659
-658.6,4282,26654
-658.22,4286,26648
-657.83,4287,26639
-657.45,4306,26629
-657.08,4358,26617
-656.7,4346,26603
-656.32,4333,26589
-655.94,4304,26573
-655.56,4307,26557
-655.18,4305,26543
-654.8,4302,26528
-654.41,4302,26515
-654.03,4307,26503
-653.65,4320,26494
-653.26,4376,26486
-652.87,4318,26481
-652.49,4311,26477
-652.1,4312,26473
-651.71,4342,26471
-651.33,4323,26471
-650.94,4303,26473
-650.55,4309,26476
-650.16,4307,26482
-649.78,4314,26488
-649.39,4338,26495
-649,4365,26505
-648.61,4319,26516
-648.22,4299,26529
-647.83,4272,26542
-647.44,4269,26557
-647.05,4272,26572
-646.66,4276,26588
-646.28,4296,26604
-645.89,4300,26620
-645.51,4295,26636
-645.12,4294,26652
-644.73,4298,26666
-644.35,4289,26679
-643.96,4283,26690
-643.57,4286,26699
-643.19,4280,26707
-642.8,4280,26712
-642.42,4290,26717
-642.03,4280,26720
-641.65,4283,26723
-641.26,4279,26723
-640.88,4275,26722
-640.49,4266,26722
-640.11,4264,26721
-639.72,4260,26721
-639.34,4257,26719
-638.95,4250,26718
-638.57,4251,26716
-638.18,4251,26713
-637.79,4243,26710
-637.41,4229,26707
-637.02,4233,26704
-636.63,4224,26701
-636.25,4228,26699
-635.86,4237,26696
-635.47,4236,26694
-635.08,4237,26692
-634.7,4238,26690
-634.31,4240,26689
-633.92,4240,26688
-633.53,4233,26688
-633.14,4231,26688
-632.75,4224,26687
-632.36,4230,26687
-631.97,4231,26685
-631.59,4242,26684
-631.2,4255,26682
-630.82,4264,26679
-630.43,4269,26675
-630.04,4278,26671
-629.65,4284,26666
-629.26,4304,26661
-628.87,4314,26654
-628.49,4309,26646
-628.1,4301,26636
-627.71,4299,26625
-627.33,4305,26614
-626.94,4310,26601
-626.55,4331,26588
-626.16,4366,26574
-625.78,4358,26560
-625.39,4335,26545
-625,4333,26531
-624.61,4349,26516
-624.22,4376,26504
-623.83,4427,26491
-623.45,4423,26479
-623.06,4424,26469
-622.67,4413,26459
-622.29,4409,26452
-621.9,4385,26445
-621.52,4415,26440
-621.13,4402,26435
-620.73,4395,26432
-620.35,4367,26430
-619.96,4336,26429
-619.57,4318,26428
-619.18,4299,26428
-618.79,4291,26428
-618.4,4253,26429
-618.01,4236,26430
-617.62,4226,26432
-617.23,4221,26436
-616.84,4242,26440
-616.46,4241,26445
-616.07,4254,26451
-615.67,4244,26456
-615.28,4255,26464
-614.89,4267,26473
-614.5,4254,26482
-614.11,4242,26493
-613.72,4247,26505
-613.33,4233,26518
-612.94,4228,26531
-612.55,4230,26544
-612.16,4233,26557
-611.77,4265,26568
-611.38,4289,26580
-610.99,4265,26590
-610.6,4248,26598
-610.21,4230,26604
-609.82,4223,26608
-609.43,4217,26611
-609.04,4209,26614
-608.65,4212,26616
-608.26,4217,26617
-607.87,4217,26618
-607.48,4222,26619
-607.09,4227,26621
-606.7,4219,26622
-606.3,4222,26623
-605.91,4219,26625
-605.52,4218,26626
-605.13,4217,26628
-604.75,4219,26630
-604.36,4218,26632
-603.97,4223,26633
-603.58,4220,26634
-603.19,4222,26635
-602.8,4216,26635
-602.41,4218,26636
-602.01,4216,26635
-601.62,4218,26635
-601.22,4219,26633
-600.83,4224,26630
-600.44,4211,26627
-600.05,4210,26622
-599.66,4212,26617
-599.27,4207,26611
-598.88,4212,26606
-598.48,4216,26599
-598.09,4211,26592
-597.7,4218,26583
-597.31,4211,26575
-596.92,4210,26566
-596.53,4211,26558
-596.14,4204,26549
-595.75,4199,26541
-595.36,4198,26532
-594.97,4187,26524
-594.58,4188,26517
-594.2,4185,26510
-593.81,4193,26502
-593.42,4185,26496
-593.03,4179,26490
-592.64,4182,26484
-592.25,4177,26479
-591.86,4176,26476
-591.47,4182,26472
-591.09,4177,26466
-590.7,4173,26469
-590.31,4180,26471
-589.92,4179,26469
-589.54,4180,26469
-589.15,4179,26466
-588.77,4174,26462
-588.38,4176,26458
-587.99,4172,26455
-587.6,4175,26450
-587.22,4181,26445
-586.83,4176,26439
-586.44,4173,26432
-586.06,4178,26425
-585.68,4180,26416
-585.29,4190,26410
-584.9,4188,26404
-584.51,4198,26401
-584.12,4212,26399
-583.73,4231,26394
-583.35,4230,26388
-582.96,4230,26384
-582.58,4231,26380
-582.19,4237,26378
-581.81,4235,26378
-581.42,4236,26378
-581.04,4229,26378
-580.65,4235,26380
-580.27,4253,26382
-579.89,4310,26386
-579.5,4326,26390
-579.12,4305,26395
-578.74,4296,26400
-578.36,4287,26407
-577.98,4294,26416
-577.6,4295,26426
-577.22,4267,26435
-576.84,4255,26445
-576.46,4255,26456
-576.08,4255,26469
-575.7,4261,26481
-575.32,4259,26495
-574.94,4258,26509
-574.56,4269,26521
-574.18,4303,26532
-573.8,4287,26543
-573.42,4271,26553
-573.03,4264,26560
-572.64,4256,26569
-572.26,4252,26576
-571.88,4259,26581
-571.49,4259,26585
-571.11,4257,26587
-570.72,4257,26588
-570.34,4261,26587
-569.96,4256,26583
-569.58,4251,26577
-569.21,4242,26569
-568.83,4243,26560
-568.45,4247,26550
-568.08,4253,26537
-567.7,4250,26525
-567.32,4253,26511
-566.95,4238,26501
-566.57,4224,26493
-566.19,4228,26482
-565.82,4216,26468
-565.44,4220,26458
-565.06,4216,26453
-564.68,4218,26441
-564.3,4216,26433
-563.92,4228,26427
-563.53,4216,26419
-563.14,4224,26412
-562.75,4224,26406
-562.37,4228,26401
-561.98,4231,26399
-561.6,4242,26396
-561.21,4225,26393
-560.83,4222,26391
-560.45,4204,26392
-560.07,4189,26391
-559.69,4167,26391
-559.31,4153,26391
-558.94,4149,26391
-558.56,4156,26391
-558.18,4165,26392
-557.81,4174,26393
-557.43,4166,26394
-557.06,4157,26395
-556.69,4151,26395
-556.32,4143,26394
-555.95,4145,26394
-555.57,4149,26396
-555.2,4163,26397
-554.83,4179,26397
-554.46,4175,26397
-554.08,4167,26398
-553.71,4161,26398
-553.33,4156,26398
-552.96,4168,26399
-552.59,4169,26399
-552.21,4162,26401
-551.84,4153,26403
-551.47,4142,26406
-551.1,4136,26409
-550.73,4132,26411
-550.36,4123,26414
-549.99,4121,26419
-549.62,4117,26425
-549.24,4114,26431
-548.87,4110,26437
-548.5,4109,26443
-548.12,4108,26449
-547.75,4101,26454
-547.38,4091,26459
-547.01,4095,26463
-546.65,4096,26465
-546.28,4083,26467
-545.92,4091,26466
-545.55,4086,26464
-545.18,4080,26462
-544.81,4081,26460
-544.45,4072,26456
-544.08,4069,26452
-543.71,4063,26449
-543.34,4064,26447
-542.98,4058,26447
-542.61,4059,26447
-542.24,4056,26448
-541.88,4049,26452
-541.51,4047,26457
-541.14,4050,26462
-540.78,4058,26469
-540.41,4051,26476
-540.05,4056,26481
-539.68,4055,26489
-539.31,4055,26495
-538.95,4055,26499
-538.58,4066,26502
-538.21,4071,26504
-537.84,4066,26503
-537.48,4073,26501
-537.11,4073,26497
-536.75,4082,26492
-536.38,4092,26486
-536.02,4104,26478
-535.66,4094,26471
-535.3,4112,26463
-534.94,4114,26455
-534.58,4120,26449
-534.21,4117,26443
-533.85,4116,26440
-533.49,4116,26437
-533.13,4120,26436
-532.76,4112,26436
-532.39,4126,26438
-532.02,4111,26440
-531.66,4106,26444
-531.29,4110,26448
-530.92,4107,26453
-530.55,4109,26457
-530.19,4110,26461
-529.82,4113,26464
-529.45,4132,26465
-529.08,4133,26465
-528.72,4149,26464
-528.34,4135,26461
-527.98,4147,26458
-527.61,4148,26452
-527.24,4155,26447
-526.87,4157,26440
-526.5,4154,26432
-526.14,4157,26424
-525.77,4153,26417
-525.4,4153,26409
-525.04,4148,26402
-524.67,4145,26397
-524.3,4150,26395
-523.93,4155,26394
-523.56,4155,26394
-523.2,4157,26398
-522.83,4154,26402
-522.46,4154,26408
-522.1,4149,26415
-521.73,4153,26424
-521.36,4150,26437
-520.99,4151,26448
-520.63,4147,26457
-520.26,4160,26468
-519.9,4156,26479
-519.53,4143,26489
-519.16,4139,26498
-518.79,4129,26504
-518.42,4135,26508
-518.05,4141,26510
-517.68,4145,26512
-517.31,4149,26512
-516.94,4141,26511
-516.56,4136,26509
-516.19,4134,26505
-515.82,4127,26500
-515.45,4140,26494
-515.08,4130,26488
-514.71,4159,26481
-514.34,4155,26474
-513.97,4134,26466
-513.6,4134,26459
-513.23,4116,26452
-512.86,4104,26446
-512.49,4101,26440
-512.12,4079,26436
-511.74,4076,26432
-511.37,4085,26428
-511,4082,26424
-510.63,4092,26420
-510.26,4085,26418
-509.89,4085,26415
-509.53,4059,26410
-509.16,4037,26405
-508.79,4036,26399
-508.42,4022,26393
-508.05,4006,26387
-507.68,4001,26383
-507.31,3999,26377
-506.95,3993,26373
-506.58,3979,26367
-506.21,3973,26363
-505.85,3962,26359
-505.48,3937,26355
-505.11,3942,26353
-504.74,3939,26351
-504.38,3918,26349
-504.01,3917,26349
-503.64,3902,26350
-503.27,3898,26354
-502.89,3906,26358
-502.52,3928,26362
-502.15,3933,26366
-501.78,3940,26369
-501.41,3944,26372
-501.05,3948,26374
-500.68,3956,26375
-500.32,3967,26375
-499.95,3972,26373
-499.59,3991,26370
-499.22,3998,26367
-498.85,3999,26363
-498.48,4004,26358
-498.11,4005,26354
-497.75,4007,26349
-497.38,4015,26345
-497.02,4023,26342
-496.65,4028,26339
-496.29,4037,26339
-495.93,4033,26339
-495.57,4022,26341
-495.2,4023,26343
-494.84,4018,26348
-494.47,4011,26353
-494.11,4008,26358
-493.74,4007,26365
-493.38,4008,26371
-493.02,4014,26378
-492.66,4018,26384
-492.29,4029,26388
-491.93,4031,26390
-491.57,4041,26391
-491.21,4035,26390
-490.84,4029,26386
-490.48,4027,26381
-490.11,4029,26375
-489.75,4029,26367
-489.38,4036,26358
-489.02,4049,26351
-488.66,4059,26342
-488.29,4059,26334
-487.93,4059,26326
-487.56,4060,26320
-487.2,4053,26314
-486.84,4065,26310
-486.48,4071,26307
-486.11,4092,26305
-485.75,4140,26304
-485.39,4164,26304
-485.02,4160,26304
-484.66,4157,26305
-484.3,4122,26307
-483.94,4098,26311
-483.58,4096,26313
-483.21,4114,26317
-482.85,4125,26321
-482.48,4140,26326
-482.12,4162,26331
-481.75,4192,26337
-481.38,4285,26344
-481.01,4340,26351
-480.64,4318,26359
-480.27,4289,26367
-479.91,4283,26375
-479.54,4251,26384
-479.17,4245,26393
-478.81,4222,26401
-478.44,4200,26410
-478.07,4193,26418
-477.7,4197,26426
-477.33,4222,26432
-476.96,4239,26438
-476.59,4239,26443
-476.21,4225,26447
-475.84,4211,26450
-475.47,4198,26451
-475.09,4178,26451
-474.71,4162,26448
-474.34,4166,26444
-473.96,4178,26438
-473.59,4200,26433
-473.21,4211,26425
-472.84,4221,26417
-472.46,4227,26408
-472.09,4227,26399
-471.72,4249,26389
-471.34,4273,26380
-470.97,4266,26371
-470.59,4263,26362
-470.22,4253,26355
-469.84,4233,26347
-469.47,4218,26341
-469.09,4197,26336
-468.72,4199,26333
-468.34,4196,26332
-467.97,4204,26332
-467.59,4207,26333
-467.21,4206,26336
-466.84,4200,26340
-466.47,4189,26345
-466.09,4201,26351
-465.72,4176,26357
-465.34,4165,26364
-464.97,4170,26371
-464.59,4150,26377
-464.21,4143,26383
-463.84,4134,26386
-463.47,4129,26388
-463.09,4113,26387
-462.71,4107,26385
-462.34,4112,26380
-461.96,4107,26375
-461.58,4089,26367
-461.2,4071,26359
-460.82,4061,26350
-460.44,4049,26340
-460.06,4053,26331
-459.69,4060,26322
-459.31,4090,26313
-458.93,4112,26305
-458.55,4121,26297
-458.17,4109,26288
-457.78,4085,26281
-457.4,4062,26274
-457.02,4050,26268
-456.65,4045,26264
-456.27,4015,26260
-455.9,4005,26257
-455.52,4015,26254
-455.15,4026,26253
-454.78,4056,26253
-454.4,4065,26254
-454.03,4074,26257
-453.66,4072,26261
-453.28,4076,26268
-452.91,4067,26275
-452.54,4082,26284
-452.16,4066,26295
-451.78,4080,26306
-451.41,4078,26318
-451.04,4084,26329
-450.67,4056,26340
-450.3,4058,26350
-449.92,4065,26362
-449.55,4069,26371
-449.17,4073,26379
-448.79,4052,26385
-448.41,4058,26392
-448.03,4049,26396
-447.65,4028,26400
-447.26,4033,26402
-446.88,4076,26403
-446.5,4095,26405
-446.12,4131,26407
-445.74,4146,26408
-445.36,4153,26408
-444.98,4179,26409
-444.6,4188,26411
-444.22,4199,26413
-443.84,4218,26416
-443.45,4227,26419
-443.07,4224,26421
-442.69,4205,26423
-442.31,4220,26425
-441.93,4250,26428
-441.54,4239,26429
-441.16,4257,26430
-440.78,4267,26431
-440.4,4266,26432
-440.02,4270,26433
-439.64,4283,26434
-439.26,4323,26435
-438.88,4321,26435
-438.51,4335,26436
-438.13,4350,26435
-437.74,4331,26435
-437.37,4316,26434
-436.98,4313,26433
-436.61,4308,26432
-436.23,4302,26431
-435.85,4299,26430
-435.47,4293,26430
-435.08,4258,26427
-434.7,4235,26425
-434.32,4212,26423
-433.94,4190,26420
-433.56,4171,26417
-433.18,4142,26414
-432.8,4109,26410
-432.42,4082,26406
-432.04,4070,26403
-431.66,4068,26400
-431.28,4058,26396
-430.9,4065,26393
-430.52,4076,26389
-430.14,4073,26385
-429.75,4052,26383
-429.37,4004,26380
-428.99,3985,26376
-428.61,3968,26373
-428.23,3964,26371
-427.85,3959,26369
-427.47,3966,26368
-427.09,4001,26368
-426.71,4028,26367
-426.32,4052,26367
-425.94,4000,26368
-425.56,3983,26368
-425.18,3928,26369
-424.81,3925,26370
-424.43,3908,26371
-424.05,3879,26371
-423.68,3879,26371
-423.3,3896,26371
-422.93,3935,26370
-422.55,3970,26370
-422.17,3962,26369
-421.8,3933,26368
-421.42,3927,26368
-421.05,3906,26365
-420.67,3886,26363
-420.29,3882,26361
-419.92,3870,26357
-419.54,3864,26353
-419.16,3863,26347
-418.79,3871,26343
-418.41,3853,26337
-418.03,3844,26331
-417.66,3838,26322
-417.29,3845,26313
-416.91,3844,26302
-416.54,3853,26291
-416.17,3862,26278
-415.79,3872,26266
-415.42,3886,26252
-415.04,3876,26238
-414.67,3887,26224
-414.29,3881,26213
-413.91,3898,26202
-413.54,3902,26193
-413.16,3944,26188
-412.78,3948,26185
-412.4,3964,26185
-412.03,3973,26185
-411.65,3948,26189
-411.28,3942,26197
-410.91,3940,26206
-410.54,3936,26216
-410.16,3951,26228
-409.79,3944,26243
-409.42,3941,26257
-409.04,3932,26272
-408.67,3940,26288
-408.29,3946,26300
-407.92,3965,26311
-407.54,3933,26322
-407.17,3938,26332
-406.79,3922,26340
-406.42,3919,26347
-406.04,3906,26353
-405.67,3894,26357
-405.29,3886,26361
-404.91,3879,26365
-404.53,3892,26366
-404.16,3876,26368
-403.78,3869,26368
-403.4,3877,26368
-403.03,3909,26367
-402.65,3912,26366
-402.27,3929,26363
-401.89,3928,26361
-401.52,3930,26356
-401.14,3919,26351
-400.76,3914,26344
-400.38,3923,26335
-400,3929,26323
-399.63,3905,26311
-399.25,3902,26296
-398.87,3901,26278
-398.49,3907,26260
-398.11,3907,26242
-397.73,3909,26223
-397.37,3915,26204
-396.99,3908,26185
-396.62,3909,26167
-396.25,3925,26150
-395.87,3930,26133
-395.5,3924,26120
-395.12,3917,26106
-394.75,3919,26096
-394.37,3919,26086
-394,3924,26079
-393.62,3939,26074
-393.25,3972,26070
-392.88,4015,26068
-392.5,4015,26068
-392.13,3987,26068
-391.75,3987,26072
-391.38,4001,26075
-391,4024,26080
-390.63,4029,26085
-390.25,4034,26089
-389.88,4065,26095
-389.5,4089,26099
-389.13,4158,26104
-388.76,4138,26108
-388.39,4130,26112
-388.03,4130,26117
-387.65,4136,26122
-387.28,4140,26129
-386.91,4128,26136
-386.54,4138,26144
-386.17,4143,26152
-385.8,4122,26161
-385.43,4084,26172
-385.06,4074,26185
-384.69,4063,26198
-384.33,4071,26212
-383.96,4091,26226
-383.59,4130,26242
-383.22,4139,26260
-382.85,4134,26276
-382.49,4205,26293
-382.12,4218,26308
-381.75,4209,26323
-381.39,4184,26336
-381.02,4127,26346
-380.65,4106,26354
-380.29,4106,26360
-379.93,4124,26365
-379.56,4126,26367
-379.2,4146,26367
-378.84,4137,26364
-378.47,4152,26362
-378.11,4155,26358
-377.74,4142,26351
-377.38,4160,26343
-377.02,4158,26334
-376.66,4150,26323
-376.3,4129,26312
-375.94,4134,26303
-375.58,4119,26292
-375.22,4095,26282
-374.86,4101,26271
-374.5,4094,26259
-374.14,4078,26248
-373.79,4059,26237
-373.43,4056,26225
-373.07,4051,26215
-372.71,4056,26205
-372.35,4065,26196
-371.99,4083,26186
-371.63,4103,26177
-371.27,4078,26168
-370.91,4071,26162
-370.55,4058,26156
-370.19,4031,26150
-369.83,4030,26145
-369.47,4000,26141
-369.11,3938,26139
-368.76,3943,26137
-368.4,3972,26135
-368.04,3987,26133
-367.68,3969,26132
-367.31,3959,26132
-366.96,3927,26131
-366.6,3902,26130
-366.24,3897,26130
-365.88,3902,26130
-365.52,3877,26131
-365.16,3870,26133
-364.8,3852,26135
-364.44,3825,26138
-364.09,3814,26143
-363.73,3809,26150
-363.37,3790,26158
-363.01,3773,26167
-362.66,3762,26176
-362.3,3750,26186
-361.95,3750,26197
-361.59,3738,26207
-361.24,3736,26215
-360.88,3739,26222
-360.52,3723,26226
-360.17,3711,26228
-359.81,3715,26229
-359.45,3673,26228
-359.1,3670,26224
-358.74,3686,26220
-358.38,3691,26216
-358.02,3731,26211
-357.66,3736,26207
-357.31,3756,26205
-356.95,3762,26204
-356.59,3774,26202
-356.23,3807,26203
-355.87,3839,26204
-355.52,3883,26205
-355.16,3922,26209
-354.8,3979,26213
-354.44,3988,26217
-354.08,3920,26222
-353.72,3859,26228
-353.35,3860,26235
-352.99,3854,26243
-352.63,3810,26250
-352.27,3780,26258
-351.91,3756,26266
-351.55,3742,26274
-351.19,3744,26282
-350.83,3769,26285
-350.47,3796,26290
-350.11,3792,26293
-349.75,3759,26293
-349.39,3730,26291
-349.03,3718,26287
-348.67,3757,26282
-348.31,3723,26274
-347.95,3760,26264
-347.59,3755,26253
-347.23,3741,26243
-346.86,3709,26234
-346.51,3684,26225
-346.15,3632,26215
-345.79,3635,26207
-345.43,3725,26200
-345.07,3753,26195
-344.71,3736,26189
-344.35,3729,26184
-344,3707,26180
-343.64,3683,26175
-343.28,3661,26170
-342.92,3658,26163
-342.55,3699,26156
-342.19,3741,26150
-341.84,3773,26145
-341.47,3804,26139
-341.11,3805,26133
-340.74,3779,26128
-340.38,3757,26125
-340.03,3733,26123
-339.67,3711,26120
-339.31,3705,26117
-338.95,3692,26115
-338.59,3687,26111
-338.23,3658,26109
-337.87,3639,26106
-337.51,3648,26103
-337.15,3665,26100
-336.78,3703,26096
-336.42,3747,26092
-336.06,3811,26088
-335.69,3829,26084
-335.33,3833,26079
-334.97,3852,26076
-334.61,3839,26074
-334.26,3818,26073
-333.9,3786,26074
-333.54,3762,26076
-333.19,3772,26080
-332.83,3702,26086
-332.47,3543,26093
-332.12,3478,26100
-331.76,3432,26108
-331.4,3445,26117
-331.04,3464,26126
-330.68,3435,26137
-330.32,3402,26148
-329.96,3380,26159
-329.6,3393,26171
-329.24,3546,26182
-328.88,3574,26195
-328.52,3557,26207
-328.16,3533,26219
-327.8,3665,26229
-327.44,3749,26239
-327.07,3860,26248
-326.71,3866,26254
-326.35,3889,26259
-325.98,3902,26263
-325.63,3901,26264
-325.26,3890,26265
-324.9,3887,26265
-324.54,3893,26263
-324.18,3882,26261
-323.82,3872,26258
-323.47,3885,26253
-323.11,3900,26246
-322.75,3844,26240
-322.39,3795,26232
-322.03,3749,26225
-321.68,3692,26217
-321.32,3683,26210
-320.97,3666,26205
-320.61,3662,26199
-320.25,3695,26194
-319.9,3696,26190
-319.54,3644,26186
-319.18,3647,26183
-318.82,3649,26178
-318.47,3717,26173
-318.11,3784,26168
-317.76,3783,26161
-317.4,3778,26154
-317.05,3729,26146
-316.69,3756,26138
-316.33,3775,26129
-315.97,3756,26122
-315.61,3712,26114
-315.25,3648,26108
-314.89,3633,26103
-314.54,3691,26099
-314.18,3734,26099
-313.82,3772,26101
-313.46,3780,26107
-313.1,3786,26114
-312.75,3775,26124
-312.39,3762,26134
-312.03,3751,26146
-311.67,3744,26160
-311.31,3732,26173
-310.96,3732,26188
-310.6,3700,26202
-310.24,3667,26215
-309.89,3656,26228
-309.53,3695,26241
-309.17,3693,26253
-308.81,3694,26265
-308.45,3700,26275
-308.09,3722,26283
-307.73,3749,26291
-307.38,3776,26297
-307.02,3761,26301
-306.66,3753,26303
-306.3,3784,26304
-305.94,3811,26304
-305.58,3852,26302
-305.23,3864,26300
-304.87,3874,26295
-304.5,3867,26289
-304.14,3850,26281
-303.79,3809,26273
-303.43,3781,26263
-303.07,3802,26253
-302.71,3865,26241
-302.35,3906,26229
-301.98,3957,26216
-301.62,3955,26204
-301.25,3967,26194
-300.89,3965,26183
-300.53,3964,26176
-300.17,3857,26170
-299.8,3645,26167
-299.44,3418,26166
-299.08,3348,26167
-298.72,3377,26169
-298.36,3479,26174
-298,3586,26180
-297.63,3703,26187
-297.27,3822,26194
-296.91,3838,26202
-296.55,3812,26210
-296.19,3760,26216
-295.83,3725,26223
-295.47,3590,26228
-295.1,3506,26232
-294.74,3570,26235
-294.37,3664,26237
-294.01,3689,26238
-293.65,3735,26237
-293.29,3785,26236
-292.93,3799,26236
-292.57,3812,26234
-292.2,3847,26234
-291.83,3869,26233
-291.47,3876,26233
-291.11,3911,26232
-290.74,3947,26232
-290.38,3945,26231
-290.02,3958,26229
-289.65,3948,26226
-289.28,3937,26222
-288.92,3919,26218
-288.55,3898,26213
-288.19,3870,26206
-287.82,3837,26198
-287.46,3802,26190
-287.09,3638,26182
-286.72,3481,26173
-286.36,3343,26164
-285.99,3275,26157
-285.62,3354,26152
-285.25,3433,26147
-284.88,3492,26145
-284.51,3550,26145
-284.15,3570,26146
-283.78,3581,26149
-283.42,3601,26154
-283.05,3605,26161
-282.68,3590,26169
-282.32,3572,26179
-281.96,3597,26189
-281.59,3668,26201
-281.23,3712,26212
-280.86,3703,26222
-280.5,3718,26232
-280.13,3599,26238
-279.77,3563,26242
-279.41,3493,26242
-279.05,3464,26237
-278.68,3532,26228
-278.31,3593,26215
-277.94,3626,26199
-277.57,3614,26181
-277.2,3579,26161
-276.83,3508,26141
-276.47,3461,26124
-276.09,3444,26107
-275.72,3412,26093
-275.35,3410,26084
-274.98,3430,26078
-274.61,3429,26076
-274.24,3448,26078
-273.86,3458,26082
-273.49,3437,26088
-273.12,3384,26096
-272.75,3382,26105
-272.39,3414,26114
-272.02,3411,26122
-271.65,3397,26129
-271.28,3397,26133
-270.92,3431,26136
-270.55,3476,26136
-270.19,3448,26133
-269.82,3400,26128
-269.46,3390,26122
-269.09,3390,26113
-268.73,3379,26106
-268.36,3385,26098
-268,3399,26092
-267.63,3386,26088
-267.26,3388,26086
-266.9,3356,26086
-266.52,3319,26088
-266.15,3307,26091
-265.78,3303,26093
-265.42,3297,26096
-265.05,3303,26096
-264.68,3314,26096
-264.31,3333,26092
-263.94,3327,26087
-263.57,3319,26079
-263.2,3289,26069
-262.83,3299,26057
-262.46,3317,26044
-262.09,3301,26028
-261.72,3306,26013
-261.36,3303,25999
-260.99,3313,25986
-260.62,3342,25976
-260.25,3389,25968
-259.88,3387,25964
-259.51,3402,25962
-259.15,3425,25966
-258.78,3405,25973
-258.41,3407,25984
-258.04,3365,25999
-257.66,3363,26018
-257.29,3341,26039
-256.92,3349,26062
-256.55,3329,26086
-256.18,3325,26111
-255.81,3339,26136
-255.44,3345,26160
-255.07,3356,26182
-254.7,3390,26202
-254.34,3395,26218
-253.97,3391,26231
-253.6,3376,26239
-253.23,3386,26245
-252.86,3393,26246
-252.49,3420,26244
-252.13,3431,26240
-251.75,3420,26234
-251.38,3441,26226
-251,3452,26218
-250.63,3477,26210
-250.26,3510,26204
-249.89,3566,26199
-249.51,3595,26196
-249.14,3600,26195
-248.77,3561,26195
-248.4,3459,26196
-248.02,3443,26196
-247.65,3469,26196
-247.28,3523,26192
-246.91,3535,26186
-246.54,3573,26178
-246.16,3612,26166
-245.79,3637,26151
-245.41,3655,26134
-245.04,3676,26116
-244.66,3629,26096
-244.29,3591,26077
-243.92,3562,26058
-243.55,3605,26041
-243.17,3562,26026
-242.8,3511,26012
-242.43,3435,26001
-242.05,3413,25992
-241.68,3416,25985
-241.31,3387,25982
-240.93,3338,25980
-240.56,3294,25982
-240.19,3266,25987
-239.81,3219,25995
-239.44,3222,26005
-239.06,3245,26020
-238.69,3287,26036
-238.32,3391,26052
-237.95,3519,26068
-237.58,3584,26084
-237.21,3583,26098
-236.84,3563,26110
-236.47,3499,26122
-236.1,3471,26131
-235.73,3454,26139
-235.36,3400,26144
-234.99,3395,26148
-234.62,3383,26148
-234.25,3409,26147
-233.88,3395,26142
-233.51,3384,26135
-233.14,3390,26127
-232.76,3373,26117
-232.39,3392,26106
-232.01,3395,26097
-231.64,3427,26087
-231.27,3446,26078
-230.89,3450,26071
-230.52,3453,26064
-230.15,3435,26059
-229.78,3425,26053
-229.41,3421,26048
-229.03,3432,26044
-228.66,3452,26041
-228.29,3446,26038
-227.92,3452,26038
-227.55,3456,26038
-227.17,3444,26039
-226.8,3376,26042
-226.43,3337,26045
-226.05,3324,26048
-225.68,3367,26053
-225.3,3360,26056
-224.93,3336,26060
-224.56,3294,26064
-224.18,3287,26068
-223.81,3302,26072
-223.44,3238,26079
-223.06,3182,26087
-222.69,3251,26097
-222.31,3290,26109
-221.94,3452,26123
-221.57,3531,26137
-221.2,3568,26153
-220.83,3514,26166
-220.46,3463,26179
-220.08,3439,26189
-219.71,3450,26197
-219.34,3444,26203
-218.96,3451,26207
-218.59,3447,26209
-218.21,3439,26211
-217.84,3435,26211
-217.46,3401,26211
-217.09,3439,26211
-216.72,3454,26211
-216.34,3432,26212
-215.96,3423,26214
-215.59,3430,26216
-215.21,3434,26220
-214.84,3470,26224
-214.46,3518,26229
-214.09,3448,26235
-213.71,3390,26240
-213.34,3378,26245
-212.97,3395,26250
-212.6,3390,26254
-212.22,3405,26257
-211.85,3423,26261
-211.48,3451,26264
-211.11,3477,26266
-210.74,3505,26268
-210.36,3537,26269
-209.99,3586,26270
-209.62,3612,26272
-209.25,3621,26273
-208.88,3658,26275
-208.51,3665,26277
-208.14,3589,26279
-207.76,3527,26283
-207.39,3502,26287
-207.02,3418,26291
-206.65,3328,26295
-206.28,3230,26299
-205.9,3200,26301
-205.53,3204,26303
-205.15,3174,26302
-204.78,3275,26299
-204.4,3369,26295
-204.03,3397,26289
-203.65,3433,26282
-203.28,3452,26273
-202.9,3525,26265
-202.53,3590,26256
-202.16,3615,26247
-201.79,3654,26239
-201.42,3666,26232
-201.05,3670,26225
-200.67,3669,26219
-200.3,3657,26215
-199.92,3609,26211
-199.55,3524,26208
-199.18,3496,26205
-198.81,3494,26203
-198.43,3435,26201
-198.07,3449,26200
-197.7,3407,26200
-197.33,3368,26201
-196.96,3332,26202
-196.59,3303,26205
-196.23,3266,26208
-195.86,3285,26211
-195.49,3300,26214
-195.12,3312,26217
-194.75,3340,26219
-194.38,3304,26220
-194.02,3264,26220
-193.65,3238,26218
-193.28,3198,26214
-192.91,3215,26209
-192.55,3242,26202
-192.18,3285,26193
-191.82,3268,26182
-191.45,3234,26170
-191.08,3207,26158
-190.72,3258,26145
-190.35,3281,26132
-189.98,3317,26119
-189.62,3307,26105
-189.25,3313,26090
-188.89,3279,26073
-188.52,3248,26055
-188.16,3241,26034
-187.79,3226,26012
-187.43,3203,25991
-187.06,3202,25969
-186.7,3203,25949
-186.33,3152,25931
-185.97,3099,25916
-185.61,3011,25904
-185.24,3068,25896
-184.88,3094,25892
-184.51,3055,25892
-184.14,3024,25896
-183.78,3036,25902
-183.41,3032,25912
-183.05,3019,25925
-182.68,2987,25941
-182.31,2929,25961
-181.95,2819,25983
-181.58,2931,26006
-181.22,2954,26029
-180.85,2999,26051
-180.48,2998,26070
-180.11,2947,26086
-179.75,2899,26097
-179.38,2982,26104
-179.01,3026,26106
-178.64,3051,26106
-178.27,3071,26103
-177.9,3073,26102
-177.54,3078,26102
-177.17,3057,26106
-176.8,3040,26115
-176.43,3130,26129
-176.07,3185,26147
-175.7,3274,26170
-175.33,3330,26196
-174.96,3329,26222
-174.59,3324,26248
-174.22,3348,26273
-173.85,3314,26293
-173.47,3292,26307
-173.1,3263,26315
-172.73,3175,26315
-172.36,3162,26305
-171.99,3163,26288
-171.62,3149,26261
-171.25,3150,26227
-170.88,3189,26188
-170.51,3171,26144
-170.14,3134,26099
-169.78,3203,26054
-169.41,3258,26010
-169.04,3273,25969
-168.67,3318,25932
-168.3,3354,25898
-167.93,3413,25868
-167.56,3427,25841
-167.19,3418,25818
-166.82,3442,25799
-166.45,3464,25785
-166.08,3476,25776
-165.71,3442,25773
-165.34,3384,25777
-164.96,3274,25788
-164.59,3140,25806
-164.22,3243,25830
-163.84,3313,25859
-163.47,3253,25894
-163.09,3160,25932
-162.72,3133,25972
-162.34,3119,26014
-161.97,3144,26057
-161.6,3155,26098
-161.23,3109,26138
-160.86,3089,26175
-160.48,3071,26207
-160.11,3022,26235
-159.74,3026,26258
-159.37,3026,26276
-158.99,3035,26291
-158.62,3031,26302
-158.24,3025,26308
-157.87,2997,26312
-157.5,3013,26313
-157.13,3009,26310
-156.75,3011,26305
-156.38,3012,26296
-156,2985,26283
-155.62,2999,26269
-155.25,3009,26252
-154.88,2982,26233
-154.51,3031,26215
-154.13,3110,26196
-153.76,3124,26178
-153.39,3113,26162
-153.02,3174,26146
-152.64,3217,26132
-152.27,3219,26117
-151.9,3148,26100
-151.53,3120,26081
-151.16,3080,26060
-150.79,3054,26035
-150.42,3018,26009
-150.05,3004,25984
-149.69,2999,25959
-149.32,3024,25939
-148.96,3036,25925
-148.59,3004,25916
-148.22,2985,25917
-147.85,2949,25924
-147.48,2940,25937
-147.11,2900,25954
-146.75,2878,25973
-146.38,2878,25992
-146.01,2929,26008
-145.63,2995,26021
-145.26,2934,26028
-144.89,2960,26028
-144.52,2948,26022
-144.15,2907,26009
-143.78,2929,25990
-143.41,2898,25968
-143.04,2998,25946
-142.67,2999,25924
-142.31,2950,25906
-141.94,2869,25889
-141.57,2860,25876
-141.2,2872,25866
-140.83,2883,25860
-140.46,2898,25859
-140.1,2905,25864
-139.72,2916,25874
-139.35,2960,25891
-138.99,3004,25913
-138.62,2947,25943
-138.25,2922,25978
-137.88,2935,26015
-137.51,3011,26055
-137.13,2981,26094
-136.76,2958,26132
-136.39,3064,26166
-136.02,3159,26196
-135.64,3118,26223
-135.27,3011,26244
-134.9,2945,26261
-134.52,2935,26272
-134.15,2906,26277
-133.77,2909,26277
-133.39,2909,26271
-133.02,2920,26261
-132.64,2928,26247
-132.27,2936,26234
-131.9,2954,26220
-131.53,3030,26209
-131.15,3034,26203
-130.78,3019,26201
-130.41,3197,26205
-130.04,3254,26214
-129.67,3260,26228
-129.3,3256,26247
-128.92,3255,26269
-128.54,3233,26292
-128.17,3203,26313
-127.8,3108,26331
-127.42,3004,26343
-127.05,2875,26347
-126.68,2823,26343
-126.3,2816,26328
-125.93,2788,26303
-125.55,2818,26270
-125.18,2875,26229
-124.8,2861,26182
-124.43,2847,26131
-124.05,2785,26080
-123.68,2787,26032
-123.3,2759,25987
-122.93,2802,25948
-122.56,2844,25916
-122.19,2828,25889
-121.81,2817,25868
-121.44,2805,25852
-121.07,2807,25838
-120.7,2833,25827
-120.34,2869,25819
-119.97,2905,25811
-119.6,2935,25803
-119.23,2934,25797
-118.87,2915,25791
-118.5,2921,25787
-118.14,2976,25785
-117.77,3106,25783
-117.4,3199,25784
-117.03,3200,25785
-116.66,3195,25786
-116.29,3145,25787
-115.92,3064,25787
-115.55,3055,25785
-115.18,3020,25781
-114.81,2991,25775
-114.44,2979,25768
-114.07,2943,25760
-113.71,2944,25751
-113.34,2899,25743
-112.97,2893,25738
-112.6,2904,25737
-112.23,2957,25742
-111.86,3001,25754
-111.49,2984,25775
-111.12,2948,25804
-110.74,2952,25842
-110.37,3028,25885
-110,3016,25931
-109.63,2986,25981
-109.25,2964,26030
-108.88,2990,26078
-108.5,3012,26122
-108.13,3009,26161
-107.76,2987,26194
-107.39,2947,26220
-107.02,3064,26239
-106.65,3154,26253
-106.28,3134,26262
-105.91,3073,26266
-105.54,3019,26266
-105.17,3042,26262
-104.81,3034,26255
-104.44,3013,26244
-104.07,2997,26232
-103.69,3015,26215
-103.32,2998,26199
-102.95,3020,26183
-102.57,3054,26165
-102.2,3076,26150
-101.82,3060,26138
-101.45,3019,26127
-101.07,2986,26120
-100.7,2943,26115
-100.33,2910,26112
-99.954,2913,26111
-99.583,2878,26111
-99.212,2867,26112
-98.838,2838,26113
-98.468,2864,26115
-98.102,2834,26116
-97.734,2797,26116
-97.362,2796,26114
-96.99,2808,26109
-96.616,2814,26102
-96.243,2765,26090
-95.875,2777,26075
-95.507,2823,26055
-95.132,2732,26029
-94.758,2722,26000
-94.386,2718,25966
-94.014,2735,25929
-93.643,2701,25891
-93.272,2652,25855
-92.896,2569,25822
-92.519,2565,25800
-92.145,2497,25789
-91.768,2492,25793
-91.392,2442,25813
-91.015,2411,25849
-90.64,2330,25896
-90.261,2271,25947
-89.881,2295,25994
-89.5,2361,26033
-89.122,2367,26058
-88.743,2416,26069
-88.362,2511,26065
-87.984,2588,26050
-87.607,2720,26028
-87.231,2714,26001
-86.855,2683,25972
-86.481,2690,25942
-86.102,2758,25912
-85.73,2790,25882
-85.355,2738,25848
-84.983,2723,25812
-84.609,2709,25774
-84.234,2710,25735
-83.865,2762,25700
-83.496,2882,25668
-83.124,2851,25644
-82.756,2760,25626
-82.382,2724,25617
-82.01,2780,25615
-81.645,2837,25618
-81.28,2823,25626
-80.908,2820,25638
-80.536,2803,25653
-80.166,2751,25674
-79.794,2701,25701
-79.427,2708,25736
-79.067,2658,25780
-78.702,2766,25837
-78.335,2703,25905
-77.968,2656,25984
-77.598,2681,26069
-77.228,2626,26158
-76.859,2618,26245
-76.491,2676,26324
-76.12,2651,26397
-75.747,2614,26456
-75.376,2609,26502
-75.004,2600,26533
-74.631,2636,26548
-74.261,2643,26550
-73.89,2634,26538
-73.516,2643,26517
-73.147,2638,26489
-72.78,2582,26457
-72.415,2550,26424
-72.045,2497,26391
-71.68,2464,26359
-71.313,2428,26330
-70.949,2441,26301
-70.589,2448,26276
-70.222,2450,26252
-69.861,2374,26229
-69.501,2386,26203
-69.139,2481,26176
-68.772,2471,26147
-68.408,2458,26118
-68.045,2583,26092
-67.679,2577,26072
-67.308,2626,26061
-66.943,2651,26059
-66.583,2750,26064
-66.218,2810,26076
-65.851,2804,26090
-65.488,2807,26105
-65.12,2828,26117
-64.749,2802,26126
-64.384,2813,26126
-64.013,2852,26120
-63.643,2894,26104
-63.276,2841,26081
-62.91,2822,26049
-62.539,2791,26012
-62.171,2785,25970
-61.806,2801,25927
-61.444,2828,25883
-61.077,2843,25838
-60.708,2825,25793
-60.34,2795,25753
-59.973,2772,25720
-59.61,2771,25694
-59.251,2745,25680
-58.894,2784,25675
-58.536,2774,25680
-58.182,2721,25694
-57.823,2676,25718
-57.463,2642,25749
-57.099,2621,25785
-56.736,2592,25825
-56.374,2513,25867
-56.012,2474,25907
-55.648,2325,25940
-55.286,2277,25966
-54.926,2210,25981
-54.558,2134,25991
-54.194,2075,25998
-53.837,2107,26008
-53.48,2151,26023
-53.118,2157,26042
-52.758,2200,26062
-52.399,2205,26079
-52.038,2135,26091
-51.683,2139,26096
-51.335,2108,26096
-50.982,2066,26093
-50.619,2028,26086
-50.255,2004,26078
-49.897,1961,26069
-49.541,1877,26064
-49.182,1826,26062
-48.825,1906,26064
-48.463,1943,26071
-48.101,2013,26079
-47.739,1970,26084
-47.378,2035,26085
-47.01,2234,26080
-46.643,2309,26070
-46.28,2283,26054
-45.917,2285,26034
-45.564,2262,26011
-45.209,2218,25992
-44.86,2235,25976
-44.502,2221,25968
-44.142,2208,25965
-43.794,2183,25967
-43.456,2166,25973
-43.102,2312,25982
-42.751,2353,25993
-42.397,2455,26002
-42.036,2446,26015
-41.675,2460,26027
-41.313,2501,26038
-40.947,2568,26051
-40.581,2544,26062
-40.214,2473,26072
-39.856,2442,26078
-39.499,2420,26079
-39.14,2384,26073
-38.775,2461,26058
-38.406,2439,26037
-38.036,2423,26011
-37.672,2409,25986
-37.313,2407,25966
-36.965,2390,25953
-36.629,2385,25948
-36.279,2361,25950
-35.916,2392,25960
-35.548,2398,25975
-35.192,2280,25992
-34.837,2271,26011
-34.469,2195,26029
-34.108,2169,26045
-33.759,2166,26060
-33.4,2221,26073
-33.031,2323,26081
-32.668,2322,26084
-32.308,2341,26076
-31.951,2369,26059
-31.601,2444,26031
-31.238,2486,25993
-30.871,2495,25946
-30.504,2489,25895
-30.15,2481,25843
-29.79,2462,25792
-29.434,2433,25747
-29.093,2420,25707
-28.747,2411,25676
-28.394,2380,25648
-28.038,2356,25626
-27.676,2321,25607
-27.316,2208,25592
-26.952,2171,25580
-26.595,2124,25572
-26.245,2096,25567
-25.898,2009,25565
-25.55,1906,25570
-25.2,1887,25583
-24.864,1895,25607
-24.524,1985,25641
-24.169,2146,25684
-23.816,2198,25726
-23.463,2187,25760
-23.116,2252,25785
-22.769,2306,25800
-22.418,2269,25807
-22.066,2322,25806
-21.715,2344,25796
-21.36,2339,25776
-21.008,2402,25749
-20.666,2377,25716
-20.31,2355,25679
-19.965,2368,25644
-19.624,2349,25614
-19.273,2344,25591
-18.929,2350,25579
-18.583,2399,25580
-18.237,2433,25597
-17.888,2445,25626
-17.536,2422,25674
-17.181,2423,25733
-16.823,2414,25805
-16.465,2392,25889
-16.114,2355,25981
-15.764,2319,26083
-15.416,2246,26194
-15.066,2253,26308
-14.716,2275,26421
-14.36,2241,26529
-14.013,2199,26622
-13.661,2163,26699
-13.301,2130,26756
-12.943,2074,26788
-12.583,2060,26794
-12.231,2065,26777
-11.885,2131,26744
-11.542,2068,26702
-11.195,2007,26654
-10.84,1959,26600
-10.482,1936,26542
-10.119,1977,26478
-9.7652,2172,26416
-9.4107,2300,26360
-9.0537,2390,26316
-8.7051,2373,26287
-8.3514,2389,26269
-7.9882,2406,26260
-7.6271,2382,26253
-7.2681,2470,26245
-6.9187,2645,26234
-6.5605,2630,26221
-6.1982,2619,26205
-5.8398,2694,26188
-5.4884,2825,26170
-5.1338,2889,26154
-4.7848,2840,26140
-4.4282,2857,26132
-4.0645,2882,26129
-3.7061,2905,26133
-3.3487,2918,26141
-2.9969,2978,26155
-2.641,3035,26172
-2.2818,3100,26194
-1.9242,3118,26220
-1.5699,3110,26250
-1.2258,3091,26281
-0.87446,3091,26315
-0.51803,3023,26350
-0.15475,2964,26386
0.20984,2896,26418
0.57151,2846,26445
0.93145,2896,26465
1.2914,2909,26479
1.647,2940,26486
2.0014,2919,26487
2.3578,2923,26484
2.7166,2926,26474
3.0751,2921,26461
3.4316,2932,26444
3.7875,2941,26425
4.1389,2908,26405
4.486,2711,26386
4.8413,2665,26367
5.2022,2633,26352
5.562,2566,26342
5.9245,2558,26337
6.2847,2421,26340
6.648,2267,26352
7.0053,2239,26373
7.367,2282,26404
7.7322,2244,26444
8.0907,2115,26492
8.4456,2150,26544
8.7991,2149,26596
9.1573,2178,26640
9.5166,2194,26673
9.8744,2196,26694
10.233,2227,26700
10.59,2255,26692
10.95,2300,26668
11.308,2349,26627
11.667,2320,26569
12.024,2403,26499
12.377,2394,26422
12.734,2438,26336
13.091,2458,26249
13.45,2420,26161
13.81,2384,26073
14.171,2382,25988
14.524,2372,25906
14.877,2359,25831
15.24,2359,25760
15.602,2327,25697
15.962,2345,25639
16.319,2287,25583
16.679,2155,25527
17.036,2135,25474
17.389,2148,25425
17.746,2067,25385
18.103,2066,25354
18.458,2080,25336
18.813,2112,25329
19.17,2082,25329
19.521,2095,25332
19.876,2155,25335
20.234,2169,25338
20.59,2143,25339
20.946,2162,25340
21.308,2231,25340
21.67,2276,25342
22.03,2296,25348
22.395,2319,25359
22.762,2336,25377
23.125,2350,25404
23.49,2374,25436
23.852,2403,25478
24.218,2444,25529
24.581,2423,25587
24.943,2460,25650
25.308,2460,25714
25.673,2428,25775
26.036,2477,25827
26.393,2475,25867
26.751,2474,25897
27.107,2485,25916
27.463,2491,25927
27.825,2496,25933
28.187,2558,25934
28.548,2555,25934
28.909,2571,25933
29.269,2579,25933
29.634,2651,25938
29.995,2590,25949
30.359,2524,25968
30.723,2622,25996
31.089,2692,26031
31.455,2641,26071
31.817,2672,26114
32.176,2708,26157
32.54,2735,26200
32.91,2726,26243
33.283,2703,26284
33.658,2681,26321
34.031,2664,26354
34.4,2665,26379
34.771,2644,26397
35.145,2647,26406
35.513,2676,26405
35.883,2625,26392
36.255,2621,26366
36.621,2624,26329
36.987,2629,26282
37.359,2625,26223
37.734,2626,26156
38.105,2624,26084
38.473,2626,26010
38.845,2623,25934
39.213,2618,25860
39.583,2620,25791
39.95,2620,25729
40.32,2614,25672
40.688,2621,25624
41.054,2638,25583
41.428,2677,25547
41.801,2666,25515
42.173,2639,25489
42.545,2624,25468
42.911,2614,25454
43.275,2616,25449
43.641,2610,25453
44.013,2616,25465
44.383,2641,25485
44.747,2619,25511
45.118,2614,25542
45.494,2615,25577
45.868,2591,25613
46.243,2602,25651
46.621,2643,25692
46.996,2615,25734
47.369,2506,25781
47.741,2463,25833
48.111,2427,25891
48.478,2389,25954
48.848,2246,26020
49.218,2182,26084
49.589,2069,26138
49.962,1967,26173
50.333,1997,26181
50.704,2082,26152
51.078,2111,26090
51.458,2139,26001
51.837,2158,25900
52.215,2206,25803
52.591,2219,25722
52.963,2219,25666
53.338,2260,25635
53.71,2295,25630
54.086,2294,25645
54.461,2409,25676
54.837,2479,25714
55.211,2538,25753
55.583,2535,25787
55.95,2519,25813
56.32,2547,25832
56.69,2601,25847
57.059,2662,25858
57.43,2665,25870
57.798,2672,25881
58.167,2680,25893
58.537,2650,25903
58.903,2671,25912
59.27,2674,25919
59.639,2659,25925
60.004,2674,25930
60.37,2670,25936
60.738,2672,25943
61.098,2668,25952
61.46,2696,25963
61.823,2764,25977
62.184,2756,25990
62.543,2704,26000
62.908,2699,26003
63.276,2765,25997
63.643,2852,25979
64.01,2819,25948
64.375,2684,25906
64.736,2720,25857
65.1,2696,25803
65.461,2767,25749
65.815,2756,25696
66.177,2767,25646
66.541,2743,25602
66.905,2788,25565
67.269,2830,25536
67.631,2895,25514
67.994,2898,25500
68.355,2917,25492
68.714,2901,25489
69.083,2861,25492
69.451,2852,25500
69.817,2882,25511
70.184,2903,25525
70.554,2937,25544
70.921,2892,25565
71.291,2918,25593
71.662,3029,25624
72.033,2890,25663
72.401,2835,25707
72.769,2785,25758
73.13,2797,25812
73.498,2758,25869
73.863,2770,25925
74.226,2765,25980
74.587,2754,26027
74.949,2750,26068
75.311,2746,26102
75.678,2754,26129
76.049,2769,26151
76.417,2822,26166
76.787,2837,26177
77.156,2769,26185
77.524,2802,26191
77.896,2807,26194
78.271,2829,26195
78.644,2798,26194
79.007,2805,26191
79.376,2797,26185
79.743,2806,26177
80.111,2870,26164
80.473,2885,26150
80.839,2860,26130
81.202,2883,26107
81.566,2870,26078
81.934,2892,26046
82.297,2905,26011
82.66,2898,25976
83.019,2926,25943
83.378,2972,25916
83.739,2931,25896
84.099,2921,25885
84.458,2954,25883
84.82,2967,25886
85.181,2980,25896
85.54,3007,25908
85.899,3018,25920
86.254,2988,25932
86.613,2992,25936
86.972,2982,25937
87.332,2988,25933
87.689,3029,25923
88.045,3011,25909
88.4,3045,25889
88.758,3029,25865
89.116,3028,25836
89.478,3000,25806
89.839,2971,25775
90.202,2953,25744
90.563,2949,25716
90.922,2973,25694
91.283,3011,25675
91.645,3028,25662
92.009,3056,25654
92.37,3058,25650
92.731,3061,25651
93.091,3039,25657
93.451,3003,25667
93.802,2981,25681
94.157,3028,25699
94.512,3090,25718
94.869,3230,25741
95.228,3171,25766
95.585,3112,25790
95.942,3085,25815
96.305,3103,25842
96.666,3130,25866
97.026,3143,25890
97.382,3153,25910
97.734,3056,25929
98.085,3024,25945
98.441,3035,25957
98.801,3043,25967
99.161,3050,25971
99.522,3046,25971
99.881,3020,25968
100.24,2996,25961
100.6,3026,25949
100.96,2988,25933
101.32,2981,25915
101.68,3004,25895
102.04,3053,25874
102.4,3073,25854
102.77,3065,25836
103.13,3021,25819
103.5,3106,25806
103.86,3115,25793
104.22,3092,25784
104.59,3067,25776
104.96,3110,25769
105.33,3182,25762
105.7,3106,25755
106.06,3123,25748
106.43,3168,25740
106.8,3086,25732
107.16,3113,25724
107.51,3095,25715
107.88,3047,25707
108.25,3046,25698
108.62,3084,25689
108.99,3137,25679
109.35,3036,25670
109.72,3048,25660
110.08,3035,25652
110.44,2950,25645
110.81,3005,25640
111.17,3140,25639
111.54,3092,25640
111.9,3044,25645
112.26,3016,25654
112.61,3139,25667
112.97,3254,25684
113.33,3171,25703
113.7,3053,25726
114.07,3002,25751
114.43,3017,25776
114.79,2982,25802
115.15,2975,25829
115.5,3011,25855
115.86,3086,25881
116.22,3087,25906
116.58,2927,25930
116.94,2760,25953
117.31,2792,25973
117.66,2809,25989
118.02,2847,26002
118.38,2946,26012
118.75,2996,26019
119.11,3011,26025
119.47,3091,26028
119.83,3089,26031
120.2,3058,26031
120.56,3146,26030
120.92,3196,26027
121.28,3226,26022
121.64,3248,26015
122,3276,26005
122.36,3308,25992
122.72,3349,25977
123.08,3386,25961
123.45,3377,25945
123.82,3330,25929
124.18,3377,25916
124.55,3348,25906
124.91,3328,25901
125.28,3245,25900
125.64,3232,25903
126.01,3192,25908
126.38,3177,25915
126.74,3232,25923
127.11,3143,25930
127.47,3105,25936
127.84,3190,25938
128.21,3223,25936
128.58,3238,25927
128.94,3248,25912
129.3,3264,25891
129.66,3267,25863
130.03,3279,25830
130.4,3248,25792
130.76,3263,25753
131.13,3282,25712
131.49,3342,25673
131.86,3408,25637
132.23,3443,25605
132.59,3444,25578
132.96,3464,25559
133.33,3353,25544
133.7,3292,25536
134.07,3274,25533
134.44,3323,25535
134.8,3398,25542
135.17,3425,25552
135.54,3366,25565
135.9,3320,25580
136.27,3252,25597
136.64,3128,25618
137,2914,25643
137.38,2920,25673
137.74,2950,25707
138.11,3053,25745
138.47,3035,25786
138.84,3021,25828
139.2,2986,25868
139.57,3033,25904
139.94,3027,25935
140.31,2989,25959
140.68,3021,25976
141.04,3106,25985
141.4,3125,25988
141.77,3168,25985
142.13,3195,25985
142.49,3265,25982
142.85,3286,25976
143.21,3121,25969
143.57,3101,25962
143.94,3117,25956
144.3,3117,25951
144.66,3084,25948
145.02,3041,25945
145.39,3072,25942
145.76,3115,25940
146.11,3119,25938
146.48,3046,25937
146.85,2916,25936
147.21,2861,25935
147.57,2982,25935
147.93,3063,25933
148.29,3146,25931
148.65,3154,25927
149.02,3208,25924
149.38,3231,25921
149.74,3220,25918
150.11,3211,25918
150.47,3178,25918
150.84,3120,25919
151.2,3110,25922
151.57,3180,25924
151.94,3209,25928
152.31,3202,25931
152.68,3197,25932
153.05,3167,25932
153.42,3183,25932
153.79,3206,25932
154.16,3243,25932
154.53,3248,25934
154.9,3249,25938
155.27,3258,25944
155.65,3277,25951
156.02,3315,25959
156.39,3334,25968
156.76,3353,25976
157.13,3363,25984
157.5,3375,25990
157.87,3384,25993
158.24,3392,25994
158.61,3396,25992
158.98,3401,25989
159.35,3392,25984
159.72,3390,25978
160.09,3390,25971
160.47,3387,25963
160.84,3358,25953
161.22,3376,25942
161.59,3377,25929
161.97,3377,25915
162.34,3378,25899
162.72,3380,25882
163.09,3360,25864
163.46,3323,25845
163.83,3184,25826
164.21,3218,25807
164.59,3257,25791
164.96,3297,25776
165.34,3343,25764
165.72,3370,25754
166.1,3367,25747
166.49,3361,25739
166.87,3364,25734
167.26,3356,25727
167.64,3358,25723
168.03,3365,25717
168.42,3379,25714
168.8,3359,25710
169.19,3335,25705
169.57,3300,25700
169.96,3254,25696
170.34,3142,25692
170.73,3029,25688
171.11,3044,25686
171.49,2978,25686
171.88,2922,25688
172.26,3031,25698
172.65,3215,25711
173.03,3303,25729
173.41,3421,25747
173.8,3434,25765
174.18,3378,25778
174.56,3344,25786
174.95,3310,25785
175.33,3302,25780
175.72,3286,25771
176.1,3268,25759
176.48,3242,25745
176.87,3255,25732
177.26,3290,25718
177.65,3331,25704
178.03,3269,25690
178.41,3163,25674
178.8,3115,25657
179.18,3158,25639
179.56,3239,25622
179.95,3310,25608
180.34,3366,25597
180.72,3355,25591
181.1,3375,25588
181.48,3356,25589
181.86,3408,25592
182.24,3435,25597
182.63,3431,25604
183.01,3455,25614
183.4,3439,25625
183.79,3445,25635
184.17,3483,25647
184.56,3488,25660
184.94,3501,25673
185.32,3510,25686
185.7,3528,25698
186.08,3538,25709
186.46,3554,25719
186.84,3605,25728
187.21,3624,25734
187.59,3650,25738
187.97,3638,25741
188.35,3644,25743
188.73,3655,25743
189.1,3654,25742
189.47,3634,25741
189.84,3605,25738
190.21,3573,25735
190.58,3575,25732
190.95,3580,25728
191.32,3565,25723
191.7,3563,25718
192.07,3558,25713
192.44,3547,25708
192.81,3547,25702
193.18,3531,25698
193.56,3524,25695
193.93,3522,25692
194.3,3509,25689
194.68,3503,25687
195.06,3499,25684
195.44,3508,25683
195.82,3506,25681
196.2,3497,25679
196.58,3476,25678
196.96,3464,25679
197.34,3437,25681
197.73,3415,25685
198.11,3391,25691
198.49,3375,25698
198.87,3369,25706
199.24,3352,25714
199.62,3327,25722
199.99,3335,25729
200.36,3317,25735
200.74,3304,25740
201.11,3296,25744
201.49,3329,25746
201.87,3405,25747
202.24,3409,25746
202.62,3399,25746
202.99,3372,25743
203.37,3282,25741
203.75,3278,25738
204.12,3295,25734
204.5,3228,25730
204.88,3259,25724
205.26,3278,25721
205.65,3239,25718
206.03,3259,25716
206.41,3314,25714
206.79,3330,25714
207.17,3291,25714
207.55,3312,25716
207.93,3361,25719
208.31,3358,25724
208.69,3320,25730
209.07,3287,25738
209.45,3268,25746
209.82,3273,25754
210.2,3288,25762
210.58,3333,25771
210.96,3347,25778
211.33,3351,25786
211.71,3332,25793
212.08,3343,25800
212.46,3334,25805
212.84,3344,25810
213.22,3355,25814
213.59,3373,25818
213.97,3385,25820
214.34,3390,25821
214.72,3397,25821
215.1,3416,25819
215.48,3437,25816
215.86,3451,25812
216.23,3459,25807
216.61,3466,25799
216.99,3484,25791
217.36,3495,25781
217.74,3513,25772
218.12,3499,25764
218.49,3474,25758
218.87,3489,25753
219.24,3469,25750
219.62,3456,25749
220,3464,25751
220.37,3448,25756
220.75,3469,25763
221.13,3517,25772
221.5,3539,25782
221.87,3563,25791
222.24,3543,25801
222.62,3544,25810
222.99,3552,25819
223.37,3553,25826
223.74,3558,25832
224.12,3579,25835
224.49,3576,25836
224.86,3585,25837
225.24,3593,25835
225.61,3584,25832
225.99,3571,25827
226.36,3560,25819
226.73,3540,25811
227.1,3507,25799
227.48,3494,25786
227.86,3474,25773
228.23,3442,25760
228.61,3425,25750
228.99,3446,25740
229.37,3485,25735
229.75,3640,25736
230.13,3735,25739
230.51,3751,25745
230.9,3748,25752
231.28,3706,25761
231.66,3653,25773
232.05,3605,25785
232.43,3566,25795
232.81,3565,25804
233.2,3532,25810
233.58,3532,25818
233.97,3575,25820
234.35,3615,25822
234.74,3658,25823
235.12,3672,25823
235.51,3637,25823
235.89,3609,25824
236.28,3602,25826
236.66,3576,25827
237.05,3555,25829
237.44,3548,25832
237.83,3549,25835
238.22,3537,25837
238.6,3504,25840
238.98,3495,25841
239.37,3486,25841
239.75,3485,25841
240.14,3475,25839
240.52,3487,25836
240.9,3498,25831
241.29,3512,25824
241.67,3535,25814
242.05,3545,25801
242.44,3568,25788
242.81,3591,25776
243.2,3617,25764
243.58,3639,25752
243.96,3660,25741
244.35,3664,25734
244.73,3660,25730
245.12,3666,25727
245.5,3631,25726
245.89,3586,25729
246.27,3586,25733
246.66,3553,25739
247.04,3525,25747
247.43,3479,25755
247.82,3481,25763
248.21,3447,25769
248.6,3436,25774
248.99,3390,25779
249.38,3403,25779
249.77,3371,25777
250.16,3363,25773
250.56,3411,25767
250.95,3510,25758
251.34,3515,25745
251.74,3512,25733
252.13,3512,25720
252.52,3557,25706
252.92,3588,25690
253.31,3549,25673
253.7,3465,25662
254.09,3526,25654
254.48,3560,25646
254.88,3526,25639
255.27,3479,25628
255.66,3443,25622
256.04,3414,25616
256.44,3406,25614
256.83,3410,25614
257.22,3445,25614
257.61,3466,25614
258,3497,25612
258.39,3501,25609
258.78,3500,25606
259.17,3433,25603
259.56,3483,25600
259.95,3484,25597
260.34,3460,25595
260.74,3462,25593
261.12,3473,25592
261.52,3487,25592
261.91,3469,25591
262.3,3489,25591
262.7,3519,25592
263.09,3574,25593
263.48,3628,25594
263.87,3606,25595
264.27,3635,25595
264.66,3607,25596
265.05,3598,25599
265.45,3597,25603
265.84,3602,25607
266.23,3610,25612
266.61,3610,25617
267,3611,25624
267.39,3625,25631
267.78,3625,25641
268.18,3634,25653
268.57,3644,25663
268.96,3651,25675
269.35,3665,25685
269.74,3683,25698
270.12,3669,25709
270.52,3666,25718
270.91,3674,25726
271.3,3678,25733
271.69,3676,25739
272.08,3674,25742
272.47,3671,25745
272.86,3676,25745
273.26,3680,25744
273.65,3677,25742
274.05,3692,25739
274.44,3683,25737
274.83,3695,25735
275.22,3691,25735
275.61,3685,25737
276,3695,25741
276.39,3798,25747
276.78,3785,25753
277.17,3697,25760
277.57,3654,25766
277.96,3636,25767
278.35,3642,25764
278.74,3643,25759
279.13,3646,25750
279.52,3652,25739
279.91,3655,25725
280.3,3662,25710
280.69,3677,25694
281.09,3695,25679
281.48,3709,25663
281.87,3726,25647
282.26,3717,25634
282.65,3720,25623
283.04,3774,25612
283.43,3725,25601
283.82,3569,25592
284.22,3590,25584
284.61,3598,25577
285.01,3618,25572
285.4,3649,25568
285.8,3686,25565
286.19,3725,25563
286.58,3790,25561
286.97,3823,25561
287.37,3771,25561
287.76,3694,25562
288.15,3671,25564
288.54,3662,25567
288.92,3672,25572
289.31,3670,25580
289.7,3703,25592
290.1,3683,25603
290.49,3694,25619
290.88,3699,25637
291.27,3704,25656
291.66,3700,25677
292.05,3698,25698
292.45,3700,25718
292.84,3707,25737
293.24,3702,25755
293.63,3699,25769
294.03,3698,25781
294.42,3703,25790
294.82,3700,25796
295.21,3699,25798
295.61,3700,25798
296.01,3724,25794
296.4,3736,25787
296.8,3725,25776
297.2,3727,25762
297.6,3722,25745
297.99,3719,25727
298.39,3717,25707
298.79,3733,25689
299.18,3754,25672
299.58,3803,25655
299.97,3791,25643
300.37,3756,25631
300.76,3748,25620
301.16,3783,25609
301.55,3776,25595
301.95,3722,25582
302.34,3687,25569
302.74,3671,25558
303.13,3673,25547
303.53,3714,25538
303.92,3731,25532
304.31,3689,25524
304.7,3642,25519
305.09,3654,25517
305.48,3633,25517
305.87,3623,25519
306.26,3612,25526
306.64,3583,25540
307.04,3668,25550
307.43,3679,25557
307.82,3680,25561
308.21,3670,25571
308.6,3692,25585
308.99,3727,25599
309.38,3745,25614
309.77,3763,25633
310.16,3752,25653
310.55,3746,25674
310.94,3757,25693
311.33,3761,25709
311.72,3775,25726
312.11,3760,25743
312.5,3754,25757
312.88,3768,25769
313.27,3761,25777
313.66,3764,25784
314.04,3760,25787
314.42,3758,25789
314.81,3753,25790
315.2,3764,25790
315.58,3764,25790
315.97,3774,25789
316.36,3787,25785
316.74,3801,25780
317.13,3800,25775
317.52,3841,25769
317.91,3850,25761
318.29,3803,25748
318.68,3806,25731
319.07,3794,25714
319.46,3752,25697
319.84,3629,25678
320.23,3602,25662
320.61,3679,25643
321,3763,25624
321.39,3833,25607
321.78,3837,25592
322.16,3833,25580
322.55,3832,25572
322.94,3839,25568
323.33,3837,25569
323.72,3843,25578
324.1,3838,25589
324.49,3838,25603
324.88,3838,25618
325.27,3834,25635
325.66,3832,25651
326.05,3830,25669
326.44,3818,25687
326.82,3816,25703
327.21,3814,25720
327.6,3804,25736
327.99,3799,25749
328.38,3789,25761
328.77,3778,25771
329.16,3775,25778
329.55,3778,25784
329.95,3767,25789
330.35,3763,25794
330.74,3759,25798
331.14,3790,25801
331.53,3761,25805
331.93,3761,25807
332.32,3756,25809
332.72,3737,25813
333.11,3696,25815
333.51,3649,25817
333.9,3585,25819
334.3,3560,25820
334.7,3542,25821
335.09,3538,25822
335.49,3518,25823
335.89,3499,25824
336.28,3489,25826
336.68,3485,25828
337.08,3455,25830
337.48,3435,25831
337.87,3398,25831
338.27,3387,25830
338.67,3397,25828
339.07,3406,25827
339.46,3400,25825
339.86,3417,25823
340.27,3444,25820
340.66,3461,25816
341.06,3447,25814
341.46,3419,25812
341.86,3448,25811
342.26,3443,25811
342.66,3453,25811
343.06,3463,25812
343.46,3473,25814
343.85,3483,25816
344.25,3504,25820
344.65,3535,25825
345.05,3555,25829
345.45,3544,25833
345.84,3555,25836
346.24,3576,25837
346.64,3584,25837
347.03,3586,25835
347.41,3594,25831
347.8,3601,25826
348.19,3603,25819
348.58,3623,25809
348.96,3605,25798
349.35,3612,25785
349.74,3610,25771
350.12,3600,25758
350.51,3597,25744
350.89,3605,25730
351.27,3611,25716
351.65,3620,25703
352.04,3631,25691
352.42,3642,25680
352.8,3645,25669
353.19,3651,25660
353.57,3659,25652
353.95,3667,25644
354.33,3671,25637
354.71,3682,25633
355.09,3686,25631
355.47,3693,25630
355.85,3696,25632
356.23,3706,25635
356.61,3716,25641
356.99,3717,25647
357.37,3721,25656
357.76,3725,25666
358.14,3727,25677
358.53,3729,25688
358.91,3730,25699
359.3,3734,25708
359.68,3740,25715
360.06,3744,25721
360.45,3750,25725
360.83,3752,25726
361.22,3755,25725
361.61,3756,25722
362,3758,25717
362.39,3758,25710
362.78,3756,25702
363.16,3756,25693
363.55,3756,25685
363.93,3754,25677
364.32,3754,25670
364.71,3751,25664
365.09,3754,25659
365.48,3754,25657
365.86,3753,25657
366.24,3757,25660
366.62,3755,25664
367,3755,25669
367.39,3756,25676
367.77,3759,25684
368.16,3760,25693
368.55,3762,25703
368.93,3762,25712
369.32,3791,25721
369.7,3808,25730
370.09,3815,25739
370.47,3834,25746
370.85,3881,25753
371.23,3904,25759
371.62,3911,25764
372,3944,25768
372.38,3945,25770
372.76,3956,25771
373.14,3963,25771
373.52,3960,25769
373.9,3957,25766
374.28,3958,25762
374.66,3965,25756
375.03,3948,25748
375.41,3942,25740
375.78,3941,25731
376.16,3936,25721
376.54,3929,25711
376.93,3920,25700
377.31,3883,25689
377.69,3871,25677
378.07,3872,25667
378.45,3893,25658
378.82,3881,25650
379.2,3885,25642
379.57,3880,25635
379.94,3872,25629
380.31,3846,25624
380.68,3826,25621
381.06,3825,25616
381.43,3826,25612
381.81,3820,25607
382.18,3821,25603
382.56,3832,25600
382.94,3849,25596
383.31,3860,25592
383.69,3863,25588
384.07,3860,25585
384.44,3848,25582
384.82,3865,25580
385.2,3861,25578
385.58,3876,25576
385.95,3875,25575
386.33,3874,25575
386.71,3863,25575
387.09,3856,25576
387.47,3857,25577
387.85,3857,25577
388.23,3855,25578
388.62,3856,25579
389,3857,25580
389.39,3851,25581
389.78,3853,25581
390.16,3890,25582
390.55,3875,25583
390.94,3879,25584
391.33,3887,25585
391.72,3899,25586
392.11,3914,25588
392.5,3924,25590
392.88,3908,25592
393.27,3898,25595
393.66,3890,25599
394.04,3889,25603
394.43,3892,25608
394.82,3917,25613
395.21,3908,25619
395.6,3928,25624
395.99,3935,25630
396.38,3940,25633
396.77,3946,25636
397.16,3902,25637
397.55,3835,25636
397.94,3897,25634
398.32,3920,25632
398.71,3935,25628
399.09,3896,25624
399.48,3786,25618
399.87,3718,25613
400.26,3527,25608
400.65,3564,25604
401.03,3603,25601
401.42,3525,25599
401.81,3512,25599
402.2,3592,25599
402.58,3744,25601
402.97,3756,25604
403.36,3737,25607
403.75,3753,25611
404.14,3725,25617
404.53,3735,25622
404.92,3656,25628
405.32,3527,25635
405.71,3410,25643
406.11,3242,25651
406.5,3329,25659
406.9,3340,25667
407.3,3315,25674
407.69,3303,25680
408.09,3479,25684
408.49,3440,25687
408.89,3349,25689
409.29,3222,25689
409.68,3303,25688
410.08,3360,25686
410.47,3409,25684
410.87,3562,25681
411.26,3657,25677
411.66,3793,25674
412.05,3856,25671
412.45,3837,25668
412.84,3862,25666
413.24,3872,25665
413.63,3904,25665
414.03,3894,25664
414.42,3881,25664
414.82,3889,25663
415.21,3882,25661
415.6,3878,25658
415.99,3870,25654
416.39,3863,25649
416.78,4016,25643
417.18,3841,25636
417.57,3833,25628
417.96,3825,25619
418.35,3817,25609
418.74,3834,25598
419.12,3832,25588
419.51,3818,25579
419.89,3843,25570
420.28,3866,25562
420.66,3849,25555
421.04,3831,25551
421.43,3836,25549
421.81,3811,25548
422.2,3757,25548
422.59,3713,25550
422.98,3696,25553
423.37,3708,25557
423.76,3724,25563
424.14,3726,25570
424.53,3733,25579
424.92,3743,25589
425.32,3743,25602
425.71,3744,25617
426.1,3737,25633
426.49,3767,25650
426.88,3772,25666
427.27,3760,25682
427.66,3724,25696
428.05,3716,25708
428.44,3719,25718
428.84,3729,25724
429.23,3736,25728
429.62,3729,25729
430.02,3710,25729
430.41,3714,25726
430.8,3697,25722
431.2,3709,25718
431.59,3716,25712
431.99,3698,25707
432.39,3703,25701
432.78,3689,25695
433.18,3672,25688
433.57,3684,25682
433.97,3654,25675
434.36,3595,25667
434.76,3569,25659
435.15,3499,25650
435.54,3435,25640
435.94,3365,25631
436.33,3302,25620
436.72,3279,25610
437.11,3233,25600
437.5,3181,25590
437.89,3067,25581
438.29,2930,25573
438.68,2820,25565
439.08,2692,25559
439.48,2614,25555
439.88,2499,25551
440.28,2312,25550
440.68,2270,25550
441.08,2137,25551
441.48,2329,25550
441.88,2459,25548
442.28,2607,25543
442.68,2632,25536
443.08,2536,25532
443.48,2411,25528
443.88,2539,25524
444.28,2684,25518
444.67,2878,25510
445.07,2932,25501
445.47,2913,25490
445.86,2954,25480
446.26,3065,25472
446.66,3154,25465
447.05,3201,25461
447.45,3279,25459
447.85,3388,25459
448.24,3492,25460
448.64,3526,25461
449.03,3515,25463
449.43,3518,25464
449.82,3484,25466
450.22,3555,25466
450.61,3670,25466
451.01,3675,25467
451.41,3692,25469
451.81,3717,25472
452.21,3743,25476
452.61,3741,25481
453.01,3738,25488
453.41,3729,25496
453.81,3705,25505
454.2,3711,25514
454.6,3593,25523
454.99,3711,25533
455.38,3793,25542
455.78,3787,25551
456.17,3663,25561
456.57,3680,25570
456.96,3666,25579
457.35,3686,25587
457.75,3656,25594
458.15,3760,25600
458.54,3761,25603
458.94,3674,25604
459.34,3806,25604
459.74,3874,25600
460.14,3893,25595
460.54,3872,25588
460.95,3850,25579
461.35,3909,25570
461.75,3988,25559
462.14,3994,25549
462.54,3998,25540
462.94,3996,25531
463.34,4000,25524
463.74,3997,25518
464.14,3999,25514
464.54,3996,25511
464.93,3994,25510
465.34,3994,25511
465.74,3995,25513
466.14,3993,25516
466.54,3993,25520
466.95,3988,25525
467.35,3990,25530
467.75,3993,25534
468.16,4004,25538
468.56,4000,25540
468.96,3998,25541
469.36,3965,25541
469.77,3914,25539
470.17,3898,25536
470.58,3904,25533
470.98,3924,25531
471.38,3920,25530
471.78,3924,25531
472.17,3892,25533
472.57,3898,25539
472.96,3877,25545
473.36,3852,25555
473.75,3768,25566
474.14,3695,25578
474.54,3666,25590
474.93,3628,25602
475.31,3621,25613
475.7,3596,25623
476.09,3572,25631
476.48,3615,25637
476.87,3599,25641
477.26,3607,25644
477.64,3641,25645
478.03,3673,25645
478.42,3689,25644
478.81,3715,25643
479.2,3708,25642
479.59,3728,25641
479.99,3719,25641
480.38,3714,25641
480.77,3755,25641
481.16,3761,25642
481.55,3805,25643
481.94,3826,25645
482.33,3821,25647
482.72,3800,25649
483.11,3813,25651
483.49,3848,25653
483.88,3830,25655
484.27,3854,25657
484.65,3868,25659
485.03,3888,25661
485.42,3922,25662
485.8,3949,25663
486.18,3990,25665
486.56,4064,25665
486.94,4073,25665
487.32,4107,25664
487.69,4129,25663
488.07,4140,25661
488.45,4148,25657
488.82,4146,25654
489.2,4148,25649
489.58,4147,25643
489.95,4127,25636
490.33,4099,25629
490.7,4028,25620
491.07,3934,25611
491.44,3848,25602
491.82,3758,25592
492.2,3756,25581
492.57,3784,25570
492.95,3903,25559
493.32,3995,25547
493.69,4032,25535
494.07,4026,25525
494.44,3994,25514
494.82,3945,25503
495.19,3931,25493
495.57,3933,25484
495.95,3874,25476
496.32,3860,25469
496.7,3842,25463
497.07,3843,25458
497.44,3846,25454
497.82,3894,25450
498.19,3925,25447
498.56,3954,25445
498.93,3943,25442
499.3,3946,25440
499.67,3962,25438
500.04,3972,25436
500.4,3974,25434
500.77,3974,25433
501.14,3980,25432
501.51,4015,25432
501.89,4044,25432
502.26,4024,25433
502.63,4023,25434
503.01,4039,25436
503.38,4077,25439
503.76,4134,25443
504.13,4150,25447
504.5,4160,25452
504.88,4139,25458
505.25,4127,25465
505.63,4111,25472
506,4125,25480
506.37,4122,25490
506.75,4121,25500
507.12,4105,25511
507.5,4041,25523
507.87,4011,25536
508.24,4005,25549
508.61,4016,25561
508.98,3985,25575
509.36,3965,25587
509.73,3968,25598
510.1,3969,25609
510.48,3981,25618
510.85,3993,25625
511.22,3988,25631
511.59,3984,25635
511.96,3980,25638
512.34,3983,25640
512.71,4013,25641
513.09,4060,25641
513.46,4079,25641
513.84,4062,25640
514.21,4036,25639
514.59,4042,25638
514.96,4031,25637
515.34,4030,25636
515.72,3982,25635
516.09,3970,25635
516.47,3958,25635
516.84,3945,25635
517.21,3933,25636
517.59,3932,25637
517.96,3916,25638
518.34,3893,25640
518.71,3894,25643
519.09,3886,25644
519.46,3879,25646
519.84,3889,25648
520.21,3889,25650
520.59,3914,25650
520.97,3910,25648
521.34,3901,25645
521.72,3961,25639
522.09,3987,25631
522.47,4034,25621
522.84,4061,25608
523.22,4088,25595
523.6,4121,25580
523.97,4141,25565
524.35,4127,25549
524.72,4073,25534
525.1,4042,25519
525.48,4052,25504
525.86,4106,25490
526.24,4136,25478
526.62,3988,25466
527,3918,25454
527.38,3946,25444
527.76,3976,25435
528.14,3984,25427
528.52,3969,25421
528.9,3974,25417
529.27,3984,25414
529.65,3986,25413
530.03,4019,25413
530.4,4041,25416
530.78,4063,25420
531.16,4078,25427
531.53,4033,25434
531.91,4013,25443
532.29,3993,25453
532.66,3937,25464
533.03,3920,25475
533.41,3818,25485
533.78,3855,25495
534.15,3874,25504
534.52,3878,25512
534.89,3836,25519
535.26,3796,25525
535.63,3799,25530
535.99,3826,25534
536.37,3852,25537
536.73,3855,25539
537.1,3828,25540
537.47,3821,25541
537.84,3834,25542
538.21,3863,25543
538.58,3947,25544
538.95,3927,25545
539.32,3910,25547
539.69,3926,25549
540.06,3887,25552
540.44,3866,25555
540.82,3848,25557
541.19,3842,25558
541.57,3833,25558
541.95,3830,25556
542.32,3828,25552
542.7,3840,25545
543.08,3864,25536
543.45,3904,25526
543.83,3906,25514
544.21,3764,25502
544.59,3731,25487
544.97,3729,25472
545.35,3713,25459
545.74,3688,25446
546.12,3651,25434
546.5,3644,25424
546.89,3620,25416
547.27,3606,25411
547.65,3609,25405
548.03,3601,25401
548.41,3609,25399
548.8,3650,25398
549.18,3640,25399
549.56,3680,25402
549.94,3677,25405
550.32,3647,25409
550.7,3599,25412
551.08,3580,25415
551.46,3562,25417
551.84,3529,25420
552.22,3516,25420
552.59,3536,25420
552.97,3557,25420
553.35,3599,25419
553.72,3624,25417
554.1,3645,25415
554.47,3640,25413
554.85,3645,25411
555.22,3653,25409
555.6,3641,25408
555.97,3631,25406
556.35,3621,25405
556.73,3620,25403
557.1,3641,25403
557.48,3651,25402
557.86,3652,25402
558.23,3662,25401
558.61,3649,25400
558.99,3647,25399
559.36,3663,25398
559.74,3641,25399
560.12,3634,25400
560.49,3615,25402
560.87,3606,25406
561.25,3609,25411
561.63,3595,25419
562.01,3584,25429
562.39,3582,25442
562.77,3575,25456
563.15,3621,25471
563.54,3629,25488
563.92,3644,25504
564.3,3663,25519
564.68,3679,25534
565.06,3694,25548
565.45,3747,25560
565.84,3779,25571
566.23,3782,25580
566.61,3780,25588
567,3734,25593
567.39,3659,25598
567.78,3649,25602
568.16,3677,25604
568.54,3682,25605
568.93,3611,25604
569.31,3587,25601
569.7,3582,25597
570.08,3571,25592
570.47,3551,25586
570.86,3544,25580
571.25,3539,25575
571.64,3541,25570
572.03,3549,25567
572.42,3553,25566
572.82,3549,25567
573.21,3552,25570
573.6,3563,25575
573.99,3538,25580
574.38,3549,25587
574.77,3558,25595
575.16,3558,25602
575.56,3560,25609
575.95,3563,25618
576.34,3574,25624
576.73,3581,25631
577.13,3584,25638
577.52,3582,25643
577.92,3578,25649
578.32,3584,25654
578.71,3573,25658
579.11,3565,25660
579.51,3567,25661
579.91,3557,25661
580.31,3578,25660
580.7,3577,25656
581.1,3565,25650
581.5,3569,25640
581.89,3547,25628
582.29,3546,25613
582.68,3570,25597
583.08,3538,25579
583.48,3529,25559
583.87,3516,25539
584.27,3517,25520
584.66,3517,25501
585.06,3516,25484
585.46,3517,25468
585.85,3519,25454
586.25,3527,25442
586.64,3531,25431
587.04,3542,25423
587.44,3571,25416
587.84,3587,25411
588.24,3607,25407
588.64,3600,25405
589.04,3614,25403
589.43,3635,25402
589.83,3649,25401
590.23,3658,25401
590.63,3665,25401
591.03,3690,25401
591.43,3722,25401
591.83,3751,25402
592.24,3758,25403
592.64,3791,25406
593.04,3856,25411
593.43,3893,25416
593.83,3895,25424
594.23,3889,25433
594.63,3886,25445
595.04,3802,25461
595.44,3769,25479
595.84,3772,25500
596.25,3765,25523
596.65,3761,25547
597.05,3749,25572
597.46,3734,25596
597.87,3727,25619
598.27,3711,25639
598.68,3686,25658
599.08,3683,25674
599.49,3655,25687
599.9,3678,25698
600.3,3720,25706
600.71,3762,25712
601.11,3783,25715
601.51,3783,25717
601.92,3766,25717
602.32,3762,25715
602.73,3750,25712
603.13,3758,25706
603.54,3795,25699
603.94,3821,25691
604.35,3835,25681
604.76,3845,25669
605.17,3846,25655
605.57,3846,25640
605.98,3852,25625
606.39,3887,25607
606.8,3945,25589
607.21,3957,25570
607.62,4036,25549
608.03,4046,25528
608.43,4035,25508
608.84,4057,25488
609.25,4053,25469
609.65,4105,25451
610.06,4101,25434
610.47,4116,25420
610.88,4097,25407
611.29,4104,25397
611.7,4086,25388
612.11,4048,25381
612.51,4026,25375
612.92,4019,25370
613.33,3986,25367
613.74,3994,25365
614.15,4007,25364
614.55,4030,25362
614.96,4053,25361
615.38,4064,25359
615.79,4075,25356
616.19,4090,25351
616.6,4095,25346
617.01,4040,25340
617.42,4003,25332
617.84,3987,25324
618.24,3995,25318
618.65,3976,25310
619.06,3967,25301
619.47,3937,25292
619.88,3918,25283
620.29,3903,25275
620.7,3910,25267
621.11,3944,25259
621.52,3964,25252
621.93,3945,25245
622.34,3954,25240
622.75,3983,25236
623.16,4019,25234
623.57,4006,25234
623.99,3974,25235
624.39,3931,25236
624.8,3919,25238
625.21,3976,25242
625.62,4010,25246
626.03,4096,25250
626.44,4158,25255
626.85,4143,25260
627.26,4097,25263
627.67,4039,25265
628.07,4055,25267
628.48,4037,25268
628.89,4007,25270
629.3,3972,25271
629.7,3964,25270
630.11,3963,25270
630.52,3904,25269
630.94,3883,25268
631.35,3871,25267
631.75,3860,25265
632.16,3819,25263
632.57,3814,25260
632.97,3833,25256
633.38,3848,25256
633.79,3866,25252
634.19,3868,25249
634.59,3819,25247
634.99,3751,25245
635.39,3750,25242
635.8,3778,25238
636.2,3821,25234
636.61,3828,25229
637.01,3764,25225
637.42,3748,25220
637.83,3769,25214
638.24,3803,25206
638.64,3832,25198
639.04,3855,25188
639.44,3873,25178
639.85,3899,25168
640.25,3911,25157
640.65,3936,25145
641.05,3958,25133
641.45,3960,25121
641.85,3957,25110
642.25,3947,25100
642.65,3907,25092
643.05,3878,25084
643.46,3858,25077
643.86,3882,25071
644.27,3919,25066
644.67,3949,25063
645.08,3962,25062
645.49,3912,25062
645.9,3887,25064
646.3,3909,25067
646.71,3899,25072
647.11,3898,25077
647.52,3846,25085
647.93,3771,25094
648.34,3739,25104
648.74,3711,25115
649.15,3656,25127
649.55,3659,25140
649.95,3661,25153
650.36,3670,25166
650.77,3706,25182
651.17,3828,25198
651.57,3862,25214
651.97,3845,25231
652.37,3886,25248
652.77,4042,25265
653.17,4067,25281
653.57,4074,25298
653.97,4122,25313
654.37,4190,25326
654.77,4170,25338
655.17,4150,25350
655.57,4133,25359
655.96,4197,25367
656.36,4337,25373
656.76,4370,25378
657.16,4373,25382
657.55,4340,25384
657.95,4283,25386
658.35,4270,25388
658.75,4269,25389
659.14,4269,25390
659.54,4299,25391
659.94,4351,25390
660.33,4355,25389
660.72,4347,25388
661.12,4323,25384
661.51,4364,25380
661.91,4364,25376
662.3,4370,25371
662.68,4370,25368
663.07,4374,25365
663.46,4369,25361
663.85,4366,25359
664.23,4346,25356
664.62,4321,25355
665,4311,25355
665.38,4267,25356
665.77,4282,25358
666.15,4305,25361
666.53,4314,25364
666.92,4313,25369
667.3,4265,25374
667.69,4240,25378
668.07,4216,25382
668.46,4199,25386
668.84,4186,25389
669.22,4159,25392
669.6,4155,25395
669.98,4160,25399
670.37,4167,25402
670.75,4186,25405
671.12,4152,25407
671.5,4169,25410
671.88,4138,25413
672.26,4135,25414
672.65,4126,25415
673.02,4124,25415
673.4,4122,25414
673.78,4127,25410
674.15,4134,25405
674.53,4162,25398
674.92,4158,25392
675.3,4126,25384
675.68,4121,25376
676.06,4098,25367
676.44,4086,25359
676.82,4092,25353
677.2,4081,25348
677.58,4094,25344
677.96,4108,25341
678.34,4084,25341
678.72,4116,25341
679.1,4095,25342
679.48,4097,25344
679.87,4099,25347
680.25,4101,25350
680.63,4089,25353
681.01,4113,25355
681.4,4093,25358
681.78,4095,25361
682.16,4110,25363
682.54,4097,25363
682.92,4098,25363
683.31,4121,25363
683.69,4114,25361
684.06,4113,25359
684.44,4096,25358
684.82,4095,25355
685.21,4115,25351
685.6,4102,25348
685.98,4111,25344
686.37,4102,25340
686.75,4098,25335
687.14,4096,25331
687.53,4096,25326
687.91,4097,25322
688.29,4092,25319
688.68,4092,25315
689.06,4092,25311
689.45,4094,25305
689.83,4099,25301
690.21,4108,25299
690.59,4114,25293
690.98,4111,25288
691.37,4126,25285
691.76,4121,25281
692.15,4115,25278
692.54,4117,25276
692.93,4105,25274
693.32,4107,25272
693.71,4106,25273
694.1,4104,25274
694.48,4113,25276
694.87,4109,25278
695.26,4111,25281
695.64,4099,25285
696.03,4097,25288
696.41,4095,25292
696.8,4093,25297
697.18,4096,25300
697.56,4097,25304
697.95,4094,25309
698.33,4098,25315
698.71,4104,25319
699.1,4110,25324
699.48,4106,25329
699.87,4106,25336
700.25,4098,25343
700.64,4093,25349
701.02,4071,25355
701.39,4071,25363
701.77,4080,25369
702.15,4095,25376
702.53,4097,25379
702.91,4091,25384
703.29,4077,25388
703.67,4071,25390
704.05,4073,25392
704.42,4077,25393
704.81,4081,25394
705.19,4078,25395
705.57,4075,25395
705.94,4063,25395
706.32,4055,25393
706.71,4055,25393
707.09,4056,25392
707.48,4061,25391
707.87,4066,25390
708.26,4060,25390
708.65,4059,25391
709.04,4058,25392
709.43,4061,25393
709.81,4059,25394
710.2,4059,25397
710.59,4053,25399
710.98,4051,25401
711.37,4048,25404
711.76,4057,25407
712.14,4062,25408
712.53,4074,25411
712.93,4065,25413
713.31,4064,25414
713.7,4065,25416
714.09,4072,25417
714.47,4072,25417
714.85,4077,25417
715.24,4077,25417
715.63,4077,25416
716.01,4072,25415
716.4,4080,25415
716.78,4078,25415
717.17,4073,25415
717.55,4078,25415
717.94,4063,25416
718.33,4069,25415
718.72,4082,25415
719.11,4081,25415
719.5,4084,25412
719.89,4075,25411
720.28,4081,25408
720.67,4086,25405
721.06,4067,25402
721.45,4058,25400
721.84,4058,25397
722.22,4049,25395
722.61,4048,25394
723,4041,25392
723.39,4039,25390
723.78,4037,25388
724.17,4032,25387
724.56,4034,25385
724.94,4032,25383
725.33,4033,25379
725.71,4036,25375
726.1,4036,25371
726.48,4036,25366
726.87,4036,25361
727.25,4040,25355
727.63,4040,25348
728.01,4036,25342
728.39,4036,25334
728.77,4047,25327
729.15,4052,25321
729.54,4059,25316
729.91,4070,25312
730.29,4093,25307
730.67,4086,25305
731.05,4093,25303
731.43,4094,25303
731.81,4093,25303
732.18,4092,25304
732.56,4102,25306
732.94,4099,25307
733.31,4090,25309
733.69,4088,25310
734.06,4096,25312
734.44,4110,25313
734.81,4119,25314
735.18,4119,25315
735.56,4122,25316
735.93,4128,25316
736.3,4131,25316
736.68,4136,25316
737.06,4141,25316
737.43,4142,25315
737.81,4131,25314
738.18,4127,25314
738.56,4130,25314
738.94,4139,25313
739.31,4145,25312
739.69,4152,25311
740.06,4181,25310
740.44,4157,25309
740.81,4149,25307
741.19,4148,25307
741.56,4147,25305
741.94,4147,25304
742.31,4147,25302
742.69,4181,25301
743.06,4206,25301
743.43,4221,25300
743.8,4221,25299
744.18,4168,25299
744.56,4164,25298
744.94,4172,25299
745.32,4183,25299
745.7,4196,25300
746.07,4196,25301
746.45,4195,25303
746.83,4189,25305
747.21,4192,25307
747.58,4201,25310
747.95,4215,25313
748.33,4224,25317
748.7,4235,25322
749.07,4235,25326
749.44,4242,25332
749.8,4236,25337
750.17,4238,25343
750.54,4242,25351
750.91,4242,25360
751.27,4247,25368
751.64,4245,25378
752.01,4246,25387
752.37,4246,25398
752.74,4251,25409
753.11,4253,25420
753.48,4253,25432
753.85,4248,25443
754.22,4242,25456
754.59,4239,25468
754.96,4237,25481
755.33,4241,25494
755.7,4242,25505
756.07,4245,25517
756.44,4243,25528
756.82,4245,25539
757.19,4252,25550
757.57,4252,25559
757.94,4261,25566
758.32,4257,25573
758.69,4256,25579
759.07,4277,25583
759.44,4292,25585
759.82,4286,25585
760.19,4285,25585
760.57,4286,25583
760.95,4283,25581
761.32,4282,25577
761.7,4284,25571
762.08,4283,25564
762.46,4282,25557
762.83,4278,25550
763.21,4273,25542
763.59,4279,25535
763.97,4287,25528
764.34,4288,25520
764.72,4285,25512
765.09,4288,25504
765.47,4278,25497
765.85,4255,25489
766.24,4234,25480
766.62,4231,25472
767,4256,25464
767.38,4255,25456
767.77,4251,25446
768.15,4252,25436
768.53,4234,25427
768.91,4222,25418
769.29,4215,25409
769.67,4213,25399
770.06,4183,25390
770.44,4142,25381
770.83,4099,25372
771.21,4078,25363
771.6,4063,25356
771.99,4072,25350
772.37,4075,25344
772.76,4076,25339
773.15,4069,25336
773.53,4054,25334
773.92,4041,25333
774.31,4023,25333
774.69,4011,25333
775.08,4002,25333
775.47,3988,25334
775.86,3983,25334
776.24,3977,25334
776.63,3966,25334
777.02,3952,25334
777.4,3933,25332
777.79,3910,25331
778.18,3929,25329
778.57,3970,25327
778.95,4011,25323
779.34,4038,25320
779.73,4065,25318
780.11,4081,25315
780.5,4091,25311
780.89,4104,25305
781.28,4112,25300
781.67,4112,25294
782.06,4116,25288
782.45,4119,25283
782.84,4131,25277
783.23,4139,25271
783.61,4156,25266
784,4171,25261
784.39,4207,25256
784.77,4259,25253
785.16,4332,25250
785.54,4381,25250
785.92,4436,25251
786.3,4452,25252
786.69,4362,25255
787.06,4320,25259
787.45,4420,25263
787.82,4479,25269
788.2,4533,25276
788.59,4567,25285
788.96,4596,25295
789.34,4614,25305
789.72,4595,25316
790.1,4586,25327
790.48,4571,25337
790.85,4566,25349
791.23,4509,25360
791.61,4474,25372
792,4217,25383
792.38,4176,25393
792.76,4219,25404
793.14,4216,25414
793.52,4097,25425
793.9,4119,25436
794.28,4132,25447
794.66,4159,25456
795.04,4184,25467
795.42,4196,25477
795.8,4216,25487
796.18,4236,25496
796.56,4250,25506
796.95,4262,25515
797.33,4307,25523
797.72,4377,25532
798.11,4394,25540
798.49,4394,25547
798.88,4401,25552
799.27,4375,25556
799.67,4360,25559
800.06,4355,25560
800.45,4360,25559
800.84,4356,25556
801.23,4356,25551
801.62,4349,25543
802.02,4367,25534
802.41,4389,25520
802.8,4398,25504
803.19,4394,25487
803.59,4393,25467
803.99,4407,25444
804.39,4397,25419
804.79,4388,25395
805.19,4363,25371
805.6,4295,25347
806,4264,25324
806.41,4281,25305
806.81,4311,25287
807.21,4335,25270
807.62,4330,25256
808.02,4308,25246
808.43,4281,25238
808.83,4274,25233
809.24,4279,25230
809.64,4282,25230
810.05,4289,25232
810.45,4300,25236
810.86,4295,25243
811.26,4294,25251
811.66,4273,25260
812.06,4269,25270
812.46,4320,25281
812.85,4319,25293
813.25,4340,25305
813.65,4348,25317
814.04,4352,25330
814.44,4342,25343
814.84,4328,25357
815.23,4347,25370
815.63,4324,25384
816.02,4319,25397
816.42,4312,25410
816.82,4304,25422
817.21,4301,25434
817.61,4297,25444
818.01,4299,25453
818.41,4323,25461
818.8,4296,25467
819.2,4294,25473
819.6,4298,25476
820,4289,25479
820.39,4294,25480
820.78,4298,25480
821.18,4303,25480
821.57,4297,25478
821.97,4277,25476
822.36,4266,25473
822.76,4264,25470
823.16,4266,25466
823.55,4276,25463
823.95,4263,25460
824.35,4262,25457
824.75,4255,25455
825.15,4233,25454
825.54,4245,25454
825.94,4259,25456
826.34,4254,25459
826.73,4248,25463
827.13,4243,25470
827.53,4232,25477
827.93,4215,25486
828.33,4211,25495
828.73,4204,25505
829.13,4208,25516
829.52,4222,25525
829.92,4212,25534
830.32,4216,25541
830.73,4194,25547
831.12,4193,25550
831.52,4179,25551
831.93,4176,25550
832.33,4168,25547
832.73,4157,25541
833.13,4136,25532
833.53,4111,25522
833.93,4084,25509
834.32,4078,25496
834.72,4081,25481
835.12,4085,25465
835.52,4107,25448
835.92,4127,25433
836.31,4110,25418
836.71,4117,25404
837.11,4106,25390
837.51,4100,25378
837.91,4094,25366
838.31,4110,25357
838.71,4097,25349
839.11,4085,25341
839.51,4075,25335
839.91,4078,25331
840.3,4064,25326
840.7,4060,25323
841.1,4077,25321
841.51,4091,25320
841.91,4092,25319
842.31,4073,25320
842.71,4056,25322
843.11,4010,25325
843.52,4023,25329
843.92,4075,25333
844.32,4082,25337
844.72,4077,25342
845.13,4076,25346
845.53,4089,25349
845.93,4076,25352
846.33,4095,25354
846.73,4121,25355
847.14,4153,25354
847.54,4164,25353
847.94,4156,25348
848.34,4158,25342
848.74,4129,25334
849.14,3992,25324
849.55,3905,25313
849.95,3678,25300
850.36,3660,25287
850.76,3705,25275
851.16,3734,25264
851.57,3791,25255
851.97,3864,25248
852.37,3913,25244
852.77,3961,25243
853.17,4006,25245
853.57,4019,25249
853.97,4036,25255
854.36,4041,25262
854.76,4046,25270
855.16,4031,25279
855.56,4033,25290
855.96,4031,25300
856.36,4026,25310
856.76,4033,25322
857.15,4060,25334
857.55,4101,25345
857.95,4128,25357
858.35,4140,25370
858.74,4170,25382
859.14,4202,25394
859.54,4226,25405
859.93,4260,25414
860.33,4279,25423
860.72,4293,25428
861.11,4309,25433
861.51,4329,25436
861.9,4334,25437
862.29,4342,25437
862.69,4341,25435
863.08,4341,25431
863.48,4331,25425
863.88,4331,25419
864.28,4328,25410
864.68,4335,25400
865.08,4324,25389
865.48,4302,25376
865.88,4262,25363
866.28,4223,25351
866.68,4227,25337
867.08,4224,25323
867.48,4108,25310
867.88,4055,25297
868.28,3997,25285
