-959.33,3842.3,36072
-958.92,3861.4,36080
-958.51,3883.4,36076
-958.09,3903.8,36079
-957.66,3929.4,36079
-957.23,3945.8,36082
-956.83,3984,36091
-956.42,4015.6,36088
-956.01,4027,36089
-955.58,4023.5,36096
-955.17,4001.8,36115
-954.74,3963.7,36102
-954.33,3901,36122
-953.92,3852.5,36129
-953.52,3846.4,36120
-953.1,3849.7,36132
-952.69,3856.7,36132
-952.29,3886.6,36127
-951.86,3894,36138
-951.44,3885.1,36137
-951.02,3892.3,36134
-950.61,3925.7,36137
-950.21,3916.3,36141
-949.8,3922,36136
-949.38,3897.9,36137
-948.95,3872.5,36136
-948.53,3848.3,36123
-948.12,3836.2,36130
-947.7,3831.5,36120
-947.27,3851.2,36121
-946.85,3863.9,36111
-946.44,3882.1,36115
-946.02,3881.1,36107
-945.6,3883.5,36104
-945.2,3882.2,36104
-944.81,3848.5,36102
-944.39,3812.2,36099
-943.98,3814.2,36095
-943.57,3839.5,36088
-943.16,3837.2,36091
-942.75,3847,36091
-942.34,3863.4,36091
-941.91,3879.6,36084
-941.46,3898.3,36084
-941.04,3903.9,36072
-940.64,3878.9,36078
-940.26,3867.5,36077
-939.85,3869.5,36060
-939.43,3869.7,36062
-939.02,3849.6,36044
-938.6,3839.1,36037
-938.18,3839.4,36039
-937.76,3839.1,36022
-937.34,3849.3,35994
-936.92,3880.3,35994
-936.5,3936,35972
-936.07,3977.9,35939
-935.66,4007.7,35929
-935.25,4032.4,35906
-934.83,4042.1,35875
-934.43,4037.8,35871
-934,4050.7,35847
-933.58,4041.7,35834
-933.16,4042.9,35832
-932.76,4065.4,35831
-932.34,4090.9,35831
-931.92,4092.9,35840
-931.49,4106.4,35842
-931.08,4060.5,35840
-930.68,3999.5,35864
-930.28,3920.8,35874
-929.9,3887.6,35861
-929.5,3938.4,35880
-929.09,3971.2,35879
-928.67,3989,35865
-928.25,4032.4,35862
-927.81,4065.4,35859
-927.38,4059.1,35853
-926.96,4047,35850
-926.56,4005.2,35842
-926.14,3941.7,35844
-925.72,3880.2,35840
-925.29,3861.1,35836
-924.88,3868.1,35840
-924.48,3891.8,35850
-924.07,3917.8,35860
-923.68,3952.7,35848
-923.3,3999,35865
-922.9,4014.9,35867
-922.47,4027.5,35864
-922.04,4020.4,35867
-921.61,3989.6,35861
-921.2,3972.1,35836
-920.79,3965.2,35836
-919.99,3943.5,35794
-919.59,3964.7,35787
-919.18,3994.4,35774
-918.76,4012.4,35745
-918.35,3999.8,35744
-917.93,3973.2,35727
-917.51,3996.2,35714
-917.1,3998.5,35717
-916.68,3979.8,35702
-916.27,3964.4,35698
-915.86,3972.1,35699
-915.47,3984.2,35693
-915.07,4004.3,35687
-914.66,4034.3,35690
-914.26,4053.9,35689
-913.84,4062.8,35689
-913.44,4048.2,35686
-913.03,4006.7,35686
-912.62,3985.8,35682
-912.23,3954.4,35678
-911.83,3916.3,35668
-911.44,3891.7,35679
-911.02,3839.2,35675
-910.62,3816.6,35682
-910.2,3821.8,35688
-909.78,3842.9,35690
-909.37,3858.7,35707
-908.96,3858,35712
-908.56,3838.1,35741
-908.18,3852.8,35752
-907.75,3856.9,35760
-907.34,3840.6,35790
-906.93,3856.7,35806
-906.52,3861.4,35801
-906.13,3840.8,35820
-905.74,3817,35831
-905.32,3833.1,35814
-904.9,3861.6,35828
-904.48,3903.8,35824
-904.07,3937,35819
-903.66,3963.9,35837
-903.27,3957,35835
-902.87,3929.7,35824
-902.45,3927.8,35844
-902.04,3901,35852
-901.64,3883.6,35848
-901.24,3883.1,35865
-900.85,3875.3,35859
-900.44,3868.5,35850
-900.03,3874.5,35854
-899.61,3868.1,35848
-899.22,3856.4,35817
-898.81,3872.1,35816
-898.41,3866.9,35806
-897.99,3867.1,35780
-897.59,3874.9,35781
-897.18,3896.7,35772
-896.78,3865.6,35754
-896.36,3874.4,35759
-895.95,3880.1,35750
-895.56,3884.5,35738
-895.16,3899.5,35734
-894.75,3905.8,35748
-894.35,3901.1,35728
-893.97,3925.4,35739
-893.59,3970.4,35730
-893.21,4001.1,35715
-892.81,4007.6,35728
-892.39,3992.8,35719
-891.98,3997.1,35702
-891.58,4008.3,35703
-891.19,4005.1,35693
-890.78,3988.1,35671
-890.38,3964.4,35675
-889.97,3963,35665
-889.57,3946.4,35637
-889.18,3915.4,35647
-888.77,3882.1,35632
-888.37,3865.2,35612
-887.96,3874.1,35602
-887.57,3906.4,35595
-887.16,3936.9,35570
-886.77,3966.7,35569
-886.38,3996.7,35557
-885.97,4009.3,35532
-885.57,4008.7,35540
-885.16,4025.1,35536
-884.76,4042.3,35528
-884.37,4038.1,35539
-883.98,4039.9,35540
-883.59,4021.5,35540
-883.18,4008.4,35576
-882.78,4024.9,35590
-882.38,4058.6,35607
-881.96,4069.9,35638
-881.54,4051.6,35673
-881.12,4041.7,35700
-880.7,4054.1,35750
-880.31,4058.8,35782
-879.92,4078.4,35810
-879.51,4069.9,35860
-879.14,4056.8,35890
-878.77,4051.4,35911
-878.39,4025.8,35949
-877.98,4036.5,35956
-877.56,4048.1,35962
-877.16,4056.6,35982
-876.77,4057.3,35986
-876.37,4044.4,35973
-875.99,4021.2,35974
-875.59,4021.6,35950
-875.2,4013.5,35924
-874.8,4006.9,35903
-874.42,3996.5,35860
-874.01,3996,35816
-873.6,3966.1,35788
-873.22,3966.1,35746
-872.83,3959.2,35706
-872.44,3939.5,35684
-872.04,3937.4,35658
-871.66,3965,35639
-871.27,4010.7,35632
-870.88,4073.7,35620
-870.49,4103.5,35616
-870.1,4116.1,35626
-869.71,4095.4,35640
-869.3,4064.6,35638
-868.9,4052.8,35670
-868.49,4056.4,35685
-868.1,4054.4,35697
-867.71,4051,35729
-867.32,4025.9,35754
-866.93,3989.3,35767
-866.53,3984.1,35800
-866.14,4014.2,35820
-865.74,4060.8,35827
-865.35,4122.5,35856
-864.95,4125.2,35875
-864.56,4124.3,35875
-864.16,4120.3,35917
-863.76,4112.6,35928
-863.34,4133,35942
-862.95,4158.8,35963
-862.55,4170.9,35981
-862.16,4207.9,35980
-861.75,4230.3,36005
-861.35,4229.5,36002
-860.96,4213.7,35983
-860.56,4199,35982
-860.17,4194.2,35979
-859.77,4210.2,35949
-859.36,4205,35944
-858.96,4186.3,35927
-858.56,4179.6,35889
-858.16,4158.7,35882
-857.76,4131.2,35869
-857.35,4096.1,35839
-856.94,4083.1,35819
-856.54,4085.6,35799
-856.15,4066.8,35776
-855.75,4049.5,35764
-855.35,4050.9,35751
-854.94,4074.3,35722
-854.56,4086.7,35716
-854.16,4092.5,35698
-853.76,4099.5,35675
-853.35,4111.1,35666
-852.95,4113.7,35659
-852.56,4116.2,35634
-852.16,4116.3,35634
-851.77,4111.7,35625
-851.38,4134.4,35613
-850.98,4147.2,35611
-850.57,4159.8,35612
-850.18,4156.9,35609
-849.77,4157.3,35608
-849.38,4150.5,35602
-848.98,4161.6,35607
-848.57,4151.1,35601
-848.17,4122.2,35598
-847.77,4055.9,35599
-847.38,3987.8,35606
-847,3912.8,35598
-846.6,3840,35591
-846.21,3776,35608
-845.81,3756.8,35601
-845.42,3756.6,35590
-845.03,3776.5,35603
-844.63,3815.2,35603
-844.22,3862.5,35591
-843.82,3890.7,35592
-843.43,3884,35585
-843.04,3876.1,35566
-842.65,3898,35572
-842.24,3932.1,35559
-841.84,3962,35541
-841.44,3970.8,35539
-841.03,3948.7,35533
-840.63,3936.3,35510
-840.2,3906.5,35512
-839.79,3897.6,35504
-839.39,3901.2,35513
-839.01,3931,35518
-838.61,3964.5,35516
-838.21,3995.5,35514
-837.8,4021.8,35525
-837.37,4067.4,35534
-836.96,4091.6,35538
-836.54,4105.7,35560
-836.13,4102.8,35573
-835.75,4123.6,35586
-835.33,4167.8,35621
-834.94,4160.6,35632
-834.54,4175.5,35646
-834.15,4178.1,35676
-833.74,4195.7,35704
-833.32,4193.3,35730
-832.92,4142.3,35757
-832.51,4146.2,35780
-832.1,4143.9,35801
-831.7,4116.8,35837
-831.31,4087.3,35851
-830.91,4053.8,35861
-830.52,4069.4,35883
-830.1,4103.6,35892
-829.72,4154,35892
-829.33,4219.3,35910
-828.92,4238.2,35908
-828.52,4259.3,35899
-828.11,4283,35913
-827.69,4256.4,35911
-827.29,4206.7,35900
-826.88,4144,35915
-826.45,4108.3,35908
-826.03,4099.9,35899
-825.63,4095.5,35898
-825.26,4105.3,35899
-824.87,4139.7,35876
-824.46,4193.7,35877
-824.04,4235.1,35868
-823.62,4244.5,35846
-823.22,4242.7,35845
-822.83,4276.3,35830
-822.43,4303.9,35803
-822.01,4308.7,35798
-821.61,4294.8,35785
-821.2,4241.6,35754
-820.78,4186.5,35732
-820.37,4141.3,35722
-819.98,4134.5,35688
-819.58,4113.5,35688
-819.19,4082.3,35679
-818.78,4058.6,35648
-818.37,4051.7,35655
-817.95,4057.9,35647
-817.53,4088.4,35632
-817.14,4126,35635
-816.74,4159.8,35629
-816.35,4147.5,35604
-815.95,4119.3,35612
-815.54,4087.8,35600
-815.13,4031.6,35568
-814.72,3974.3,35566
-814.32,3921,35551
-813.92,3917.6,35523
-813.52,3926,35519
-813.12,3921.8,35499
-812.7,3904.7,35475
-812.28,3910.4,35461
-811.87,3924.5,35453
-811.53,3922.1,35428
-811.08,3898,35432
-810.71,3866.9,35414
-810.29,3832.6,35393
-809.87,3811.7,35392
-809.45,3805.1,35395
-809.06,3807.1,35380
-808.66,3812.7,35402
-808.26,3811.5,35383
-807.85,3795.7,35388
-807.43,3788.9,35378
-807.02,3786.7,35388
-806.63,3787.8,35395
-806.24,3777.8,35395
-805.86,3745.3,35388
-805.43,3724.6,35390
-805,3706.4,35391
-804.58,3718.7,35390
-804.16,3758.2,35397
-803.75,3791.5,35409
-803.34,3803.4,35403
-802.96,3813.8,35393
-802.56,3810.8,35401
-802.17,3792.8,35408
-801.75,3773.5,35400
-801.36,3738.1,35404
-800.97,3742,35409
-800.57,3748.7,35405
-800.17,3757.6,35402
-799.78,3768.5,35413
-799.38,3780.9,35406
-798.98,3794.4,35412
-798.58,3808.7,35408
-798.16,3823.4,35420
-797.75,3838,35409
-797.35,3852.2,35422
-796.95,3865.6,35413
-796.57,3877.7,35428
-796.17,3888.3,35428
-795.75,3896.9,35426
-795.32,3876,35432
-794.97,3853.7,35426
-794.54,3829.8,35435
-794.11,3828.7,35441
-793.69,3830.8,35448
-793.27,3846.3,35443
-792.86,3854.3,35468
-792.46,3866.5,35472
-792.08,3891.4,35475
-791.68,3903,35493
-791.26,3913.1,35506
-790.86,3922.8,35509
-790.47,3933.2,35533
-790.09,3939.4,35542
-789.69,3944.9,35542
-789.25,3955.5,35561
-788.83,3999.7,35558
-788.43,4024.7,35564
-788.03,4012.7,35578
-787.62,4016.4,35579
-787.2,4017.4,35568
-786.78,4023.4,35574
-786.37,4028.6,35576
-785.96,4058.7,35566
-785.55,4076.2,35569
-785.14,4066.2,35543
-784.73,4067,35526
-784.31,4083.2,35519
-783.9,4088.2,35500
-783.52,4069.8,35472
-783.12,4047.9,35456
-782.72,4009.1,35434
-782.3,3950.9,35402
-781.89,3895.5,35400
-781.5,3881.7,35379
-781.1,3877.4,35363
-780.69,3877.4,35345
-780.28,3893.3,35365
-779.88,3891.1,35331
-779.49,3910.2,35324
-779.07,3921.7,35345
-778.66,3959.6,35335
-778.25,3997.2,35346
-777.87,4032.9,35348
-777.48,4042.9,35346
-777.09,4071.4,35359
-776.69,4099.6,35365
-776.27,4099.1,35361
-775.86,4113.5,35395
-775.47,4103.1,35405
-775.08,4087.3,35414
-774.68,4089.9,35436
-774.3,4064.5,35458
-773.9,4030.7,35462
-773.49,3990,35484
-773.07,3957.1,35498
-772.65,3973.9,35491
-772.23,3962.2,35512
-771.82,3943.8,35520
-771.4,3942.7,35504
-771,3947.6,35516
-770.6,3965.4,35514
-770.22,3998.9,35511
-769.84,4058.4,35510
-769.44,4131.6,35503
-769.01,4185.5,35488
-768.59,4241.1,35480
-768.19,4244.8,35473
-767.81,4211,35453
-767.43,4189.6,35443
-767.05,4154.4,35433
-766.67,4139,35408
-766.25,4136.6,35408
-765.82,4140.2,35386
-765.4,4144.8,35360
-765,4126.8,35367
-764.59,4100.7,35368
-764.18,4057.1,35366
-763.77,4051.8,35342
-763.34,4071.2,35338
-762.91,4093.1,35329
-762.52,4114.1,35333
-762.15,4154.2,35315
-761.75,4194.7,35293
-761.34,4178.4,35294
-760.91,4162,35294
-760.5,4157.9,35287
-760.1,4168.7,35287
-759.72,4185.6,35282
-759.32,4182.6,35282
-758.94,4180.1,35283
-758.54,4175.4,35298
-758.13,4169,35292
-757.72,4160.6,35298
-757.3,4164.3,35312
-756.9,4162.5,35316
-756.53,4187,35324
-756.14,4181.3,35343
-755.74,4153.2,35344
-755.34,4116.5,35361
-754.94,4111.5,35379
-754.54,4129.3,35385
-754.14,4141.5,35397
-753.75,4166.9,35409
-753.35,4196.4,35391
-752.94,4230.6,35416
-752.52,4223.5,35417
-752.12,4203.4,35408
-751.72,4180,35427
-751.33,4142,35407
-750.92,4134.5,35393
-750.52,4099.3,35393
-750.13,4061.6,35401
-749.73,4069.8,35373
-749.34,4093.6,35372
-748.94,4130.1,35394
-748.54,4155.2,35352
-748.15,4164.1,35335
-747.76,4175.3,35342
-747.36,4107,35311
-746.95,4090.5,35303
-746.54,4072.1,35299
-746.13,4047.7,35276
-745.75,4031.1,35269
-745.37,4041.4,35257
-744.98,4062.5,35236
-744.57,4077.3,35242
-744.15,4096.2,35230
-743.73,4110,35211
-743.33,4112.6,35214
-742.93,4104.6,35204
-742.54,4094.6,35204
-742.15,4104.2,35196
-741.76,4102.8,35193
-741.36,4078.7,35172
-740.97,4045,35166
-740.57,3992,35187
-740.18,3937.9,35170
-739.8,3902,35177
-739.39,3900.7,35172
-739.01,3911.2,35168
-738.61,3933.4,35183
-738.22,3955.2,35200
-737.84,3947.7,35194
-737.44,3952.2,35188
-737.04,3948.1,35203
-736.66,3961.7,35217
-736.25,3985,35229
-735.85,3993.1,35246
-735.46,4001,35244
-735.06,3991.1,35267
-734.66,3990.5,35275
-734.26,3986.3,35271
-733.87,3995.3,35296
-733.47,4009.2,35311
-733.08,4028.2,35313
-732.69,4030.4,35324
-732.29,4049.3,35327
-731.89,4067.8,35330
-731.5,4027.5,35339
-731.09,4038.4,35351
-730.72,4026.2,35349
-730.33,4003.7,35352
-729.94,3985.5,35359
-729.55,3983.5,35356
-729.16,3988.1,35349
-728.75,3983,35358
-728.37,3986.2,35351
-727.98,3972.8,35361
-727.59,3964.7,35345
-727.19,3943.2,35351
-726.78,3930.3,35354
-726.38,3930.7,35351
-725.97,3949.9,35343
-725.57,3965.7,35350
-725.18,3983.9,35344
-724.76,4012.5,35344
-724.34,4054.7,35370
-723.94,4090.8,35359
-723.56,4109.1,35355
-723.19,4127.2,35355
-722.81,4158.4,35364
-722.42,4167.8,35367
-722.01,4162.3,35366
-721.59,4160.6,35373
-721.2,4128.3,35374
-720.83,4108.1,35374
-720.45,4066.2,35374
-720.07,4040.8,35358
-719.7,4043.7,35368
-719.27,4044,35353
-718.88,4042.9,35332
-718.49,4063.7,35334
-718.08,4058.4,35324
-717.67,4088.3,35316
-717.26,4111.7,35324
-716.85,4111.6,35310
-716.46,4129.6,35300
-716.08,4123.3,35293
-715.7,4097.6,35298
-715.31,4091,35284
-714.9,4061,35289
-714.5,4031.8,35286
-714.11,4000,35268
-713.74,3980.4,35268
-713.34,3989.3,35254
-712.93,3997.8,35238
-712.52,3996.7,35235
-712.11,4004.6,35229
-711.69,4031.1,35199
-711.29,4054,35198
-710.89,4033.8,35165
-710.51,4017.7,35142
-710.13,4041.9,35148
-709.75,4079.8,35142
-709.35,4083.8,35122
-708.94,4078.9,35111
-708.55,4052.6,35108
-708.17,4032.7,35084
-707.79,4030.9,35081
-707.41,4040.3,35076
-707.04,4069.2,35063
-706.63,4086.4,35069
-706.23,4071.9,35070
-705.84,4088.1,35067
-705.45,4106.2,35085
-705,4111.3,35085
-704.6,4117.5,35082
-704.2,4131.2,35093
-703.8,4171.2,35117
-703.39,4180.9,35118
-703,4170.6,35138
-702.62,4171,35153
-702.24,4186.5,35165
-701.85,4195.1,35179
-701.45,4195.8,35195
-701.06,4205.1,35190
-700.67,4200.4,35222
-700.26,4223,35218
-699.84,4212.5,35224
-699.42,4204.2,35243
-699.05,4207.2,35244
-698.66,4200.9,35246
-698.27,4177,35258
-697.88,4180.1,35261
-697.49,4188.8,35262
-697.08,4186.8,35261
-696.7,4146.8,35268
-696.31,4118,35271
-695.93,4108.8,35266
-695.52,4127.6,35262
-695.12,4150.1,35260
-694.73,4157.5,35270
-694.35,4149.6,35259
-693.95,4144.9,35264
-693.57,4119.1,35262
-693.19,4085.2,35265
-692.79,4056.3,35262
-692.39,4046,35262
-691.98,4043.2,35270
-691.56,4040.4,35262
-691.16,4056.1,35259
-690.76,4079.2,35254
-690.38,4081.8,35230
-690,4087.5,35253
-689.6,4129.7,35251
-689.2,4152,35230
-688.81,4148.4,35229
-688.44,4117.4,35231
-688.04,4085.5,35218
-687.63,4029.2,35219
-687.22,3981.6,35218
-686.83,3956.7,35207
-686.46,3929.4,35200
-686.07,3922.9,35188
-685.66,3919,35181
-685.26,3897.1,35204
-684.87,3867.2,35201
-684.47,3840.1,35161
-684.09,3820.1,35195
-683.72,3815.6,35169
-683.34,3797.8,35151
-682.94,3779.6,35176
-682.54,3774.6,35166
-682.14,3785.3,35142
-681.74,3812.9,35141
-681.33,3841.9,35135
-680.95,3887.6,35133
-680.57,3913.3,35137
-680.18,3921,35130
-679.76,3914.2,35122
-679.37,3901.7,35126
-678.99,3913.6,35119
-678.61,3937,35128
-678.2,3942.5,35127
-677.79,3916.1,35121
-677.42,3906.4,35129
-677.03,3877.7,35125
-676.64,3866.9,35136
-676.23,3821.1,35116
-675.83,3801.8,35118
-675.43,3803.7,35121
-675.02,3828.3,35120
-674.64,3865.4,35125
-674.25,3867.5,35115
-673.84,3847.5,35118
-673.43,3819.6,35127
-673.04,3799,35119
-672.66,3787.4,35114
-672.29,3786.3,35123
-671.93,3787.9,35112
-671.55,3797.9,35114
-671.15,3823.5,35118
-670.76,3844.9,35116
-670.37,3833.8,35101
-669.99,3813,35107
-669.61,3800.1,35108
-669.22,3794.1,35095
-668.8,3799.8,35083
-668.37,3841.6,35082
-667.98,3870.6,35054
-667.61,3884.6,35054
-667.24,3889.6,35048
-666.83,3884.9,35028
-666.42,3879.7,35029
-666.02,3893.2,35009
-665.62,3905.9,34991
-665.22,3930.8,34986
-664.82,3945.2,34982
-664.41,3961.2,34940
-664.01,3998.4,34946
-663.61,4000.8,34930
-663.22,3993.5,34908
-662.82,3968,34916
-662.43,3946.1,34892
-662.04,3940.6,34874
-661.64,3931.3,34884
-661.25,3933.6,34874
-660.84,3903.5,34857
-660.44,3874.4,34867
-660.04,3847.8,34860
-659.63,3827.9,34860
-659.24,3814.7,34858
-658.82,3814.4,34859
-658.43,3834.7,34852
-658.04,3881.6,34850
-657.65,3945,34851
-657.25,4014.7,34839
-656.86,4103.2,34850
-656.46,4147.4,34844
-656.05,4182.5,34836
-655.67,4202.2,34845
-655.27,4198.5,34846
-654.86,4198.7,34849
-654.46,4159.2,34841
-654.07,4125,34844
-653.68,4117.7,34831
-653.29,4106.6,34838
-652.89,4109.6,34840
-652.5,4089.4,34828
-652.1,4063.3,34836
-651.69,4054.4,34832
-651.32,4074.6,34832
-650.96,4102.6,34841
-650.58,4106.7,34838
-650.16,4083.5,34843
-649.76,4068.2,34850
-649.37,4044.8,34853
-648.97,4019.7,34844
-648.58,3977.3,34871
-648.21,3936.9,34862
-647.83,3902.8,34880
-647.41,3853.4,34906
-647.01,3796.3,34909
-646.6,3758.6,34908
-646.21,3776.8,34932
-645.83,3817.4,34954
-645.46,3878.2,34948
-645.09,3955,34972
-644.71,4061.8,34978
-644.31,4159.7,34981
-643.9,4218.3,35005
-643.49,4259.7,35003
-643.09,4291.1,34999
-642.66,4279.8,35014
-642.25,4263.6,35008
-641.82,4218.5,35005
-641.4,4166.7,35010
-641.01,4110,35000
-640.61,4064.7,34979
-640.22,4044.4,34988
-639.82,4040.3,34974
-639.43,4043.7,34955
-639.02,4033.9,34952
-638.6,4030.2,34932
-638.18,4005.3,34918
-637.77,3985.3,34915
-637.36,3941.9,34905
-636.95,3896.1,34878
-636.55,3817.5,34883
-636.19,3813.2,34871
-635.8,3822.1,34854
-635.41,3805.9,34861
-635.02,3804.5,34861
-634.61,3798.9,34843
-634.23,3788.5,34846
-633.82,3779.4,34842
-633.41,3759.5,34836
-633,3742.1,34829
-632.61,3731.4,34828
-632.23,3750.5,34824
-631.86,3778.1,34823
-631.47,3800.7,34823
-631.08,3832.1,34821
-630.69,3854.9,34817
-630.29,3860.7,34813
-629.89,3864.6,34815
-629.51,3885.5,34814
-629.13,3891.4,34812
-628.74,3884.4,34811
-628.36,3899.9,34813
-627.96,3871.9,34812
-627.56,3827.7,34819
-627.17,3788.7,34810
-626.79,3752.1,34812
-626.38,3735,34815
-625.98,3737.4,34823
-625.6,3755.9,34828
-625.23,3774.4,34818
-624.84,3812.2,34839
-624.47,3831.1,34845
-624.07,3838.1,34835
-623.66,3850.5,34859
-623.29,3873.9,34863
-622.91,3907.1,34862
-622.54,3948.4,34878
-622.16,3969.2,34888
-621.77,3988.7,34881
-621.39,3991.8,34903
-620.99,3953,34907
-620.6,3935.1,34895
-620.2,3912.2,34911
-619.8,3875,34920
-619.4,3840.4,34911
-619.01,3819.5,34936
-618.63,3775.6,34941
-618.24,3766.8,34929
-617.86,3775.6,34937
-617.48,3794.5,34941
-617.09,3800.7,34920
-616.7,3819.2,34939
-616.3,3827.1,34927
-615.92,3835.2,34914
-615.53,3849.8,34918
-615.13,3860,34908
-614.71,3875.6,34884
-614.31,3912.6,34889
-613.91,3934.7,34872
-613.52,3951.6,34846
-613.13,3978.8,34842
-612.73,3982.2,34830
-612.34,4006.1,34802
-611.95,4024.1,34812
-611.55,4047.4,34793
-611.15,4045,34767
-610.75,4030.5,34769
-610.38,3999.6,34756
-609.99,3983.2,34734
-609.59,3987.3,34741
-609.19,3995.8,34726
-608.79,4012.3,34704
-608.39,4029.8,34722
-607.98,4041.3,34708
-607.59,4058.4,34695
-607.21,4091.9,34690
-606.82,4109.2,34702
-606.44,4135.7,34690
-606.05,4146.3,34702
-605.64,4161.6,34684
-605.25,4183,34690
-604.88,4186.3,34687
-604.49,4191.1,34691
-604.1,4223.8,34700
-603.72,4237.2,34691
-603.34,4250.7,34700
-602.94,4240.4,34696
-602.55,4199.7,34699
-602.14,4140.5,34698
-601.72,4060.5,34685
-601.33,4010.5,34672
-600.95,3987.3,34694
-600.57,3966.2,34696
-600.22,3964.7,34699
-599.86,3976.3,34690
-599.47,3967.9,34688
-599.08,3978.7,34694
-598.67,3999,34692
-598.29,3992.4,34691
-597.91,3990,34692
-597.53,4009.1,34693
-597.14,4041.7,34687
-596.73,4060.5,34686
-596.32,4062.3,34689
-595.93,4088.5,34685
-595.54,4117.1,34687
-595.18,4122,34691
-594.82,4115.3,34680
-594.46,4109.8,34683
-594.09,4105.9,34687
-593.71,4099.6,34676
-593.32,4092.2,34683
-592.93,4087.4,34683
-592.53,4078.5,34678
-592.11,4067.6,34675
-591.73,4059.4,34675
-591.34,4055.5,34664
-590.96,4051.9,34672
-590.56,4059.6,34669
-590.15,4069.9,34656
-589.75,4067.9,34667
-589.37,4082.6,34666
-589.01,4128.3,34660
-588.62,4128.7,34662
-588.23,4111.8,34644
-587.83,4104.7,34646
-587.43,4101.3,34649
-587.04,4101.9,34646
-586.64,4107.8,34644
-586.27,4113,34641
-585.88,4115.3,34639
-585.49,4117,34636
-585.1,4133.9,34630
-584.71,4159.3,34624
-584.32,4156.9,34616
-583.91,4152.4,34618
-583.52,4180.1,34618
-583.11,4181.9,34610
-582.72,4187.2,34611
-582.32,4188.7,34611
-581.93,4179.3,34602
-581.51,4156.2,34599
-581.1,4114.9,34602
-580.7,4095.6,34597
-580.31,4077,34606
-579.94,4091.9,34604
-579.54,4114.1,34604
-579.15,4126.3,34610
-578.77,4136,34603
-578.39,4150.7,34610
-578.01,4175.7,34607
-577.6,4166.2,34606
-577.19,4165.6,34608
-576.81,4183.6,34612
-576.43,4175.6,34616
-576.04,4168.7,34606
-575.65,4152.2,34607
-575.28,4119.8,34602
-574.89,4103.6,34605
-574.5,4097.5,34605
-574.09,4111.4,34609
-573.28,4106.4,34606
-572.88,4106.8,34606
-572.47,4102.6,34596
-572.09,4119.6,34608
-571.69,4118.7,34607
-571.28,4100.8,34603
-570.89,4066.1,34608
-570.5,4071.5,34612
-570.12,4081.9,34605
-569.74,4080.3,34617
-569.33,4083.4,34607
-568.94,4081,34600
-568.54,4069.9,34618
-568.14,4063.5,34613
-567.74,4055.4,34609
-567.35,4041.3,34611
-566.95,4012.5,34616
-566.56,4001.2,34598
-566.18,3972.4,34605
-565.8,3934.9,34603
-565.4,3900.1,34598
-564.98,3903.6,34604
-564.58,3902,34600
-564.19,3881.5,34587
-563.8,3857.4,34604
-563.42,3860.2,34594
-563.03,3849.4,34583
-562.63,3841.5,34593
-562.25,3861,34584
-561.85,3895.5,34574
-561.45,3908,34581
-561.03,3909.1,34584
-560.63,3914.6,34567
-560.24,3893.5,34580
-559.86,3880.4,34576
-559.48,3890.6,34565
-559.09,3901.8,34575
-558.67,3873.6,34567
-558.28,3813.8,34552
-557.88,3816.5,34568
-557.49,3787.1,34564
-557.1,3754.4,34545
-556.72,3748.7,34559
-556.33,3743.5,34559
-555.91,3738.5,34543
-555.52,3764.7,34562
-555.13,3809.4,34562
-554.73,3875.8,34549
-554.32,3945.5,34571
-553.91,3969.3,34573
-553.52,3974.9,34561
-553.12,3982.1,34567
-552.74,4007.9,34577
-552.35,4028.1,34575
-551.97,4028.3,34586
-551.55,4038.2,34587
-551.17,4027.1,34581
-550.8,3994.1,34602
-550.41,3982.6,34607
-550.02,3936.1,34598
-549.6,3911.7,34605
-549.23,3891.9,34606
-548.83,3843.8,34599
-548.43,3804.1,34613
-548.05,3761.6,34618
-547.65,3733.6,34618
-547.26,3734.4,34618
-546.86,3759.4,34617
-546.48,3819.8,34601
-546.1,3550,34609
-545.73,3430.7,34610
-545.33,3502.6,34582
-544.94,3478.8,34589
-544.54,3134.3,34574
-544.14,2840,34559
-543.75,2817.3,34559
-543.38,2823.5,34543
-543.02,2857,34529
-542.66,2916.4,34530
-542.24,3000,34522
-541.86,3097.1,34489
-541.48,3197,34506
-541.09,3298.4,34495
-540.69,3399.9,34473
-540.29,3500,34485
-539.89,3584.9,34477
-539.5,3650.5,34459
-539.11,3709.5,34474
-538.73,3775,34463
-538.36,3860,34445
-537.99,4026.8,34455
-537.6,4026.4,34451
-537.21,4011.6,34434
-536.81,3988.9,34447
-536.4,3961.4,34442
-535.99,3948.4,34424
-535.59,3946.6,34434
-535.2,3942.2,34434
-534.82,3930.8,34418
-534.44,3918.7,34420
-534.02,3909.1,34416
-533.64,3913.5,34403
-533.24,3894.1,34412
-532.84,3864.8,34402
-532.42,3877.5,34392
-532,3905.7,34398
-531.59,3956.6,34388
-531.2,4010.5,34380
-530.8,4038.1,34387
-530.41,4045.5,34390
-530.02,4043.9,34372
-529.62,4028.1,34378
-529.23,4022.6,34383
-528.84,4037.8,34360
-528.45,4076.8,34375
-528.05,4122.8,34386
-527.65,4145.6,34358
-527.23,4134.8,34377
-526.82,4091.6,34376
-526.44,4051.9,34358
-526.04,4034.9,34371
-525.64,4022.1,34373
-525.25,4039.5,34361
-524.85,4041,34375
-524.45,4063.5,34367
-524.01,4102.7,34362
-523.62,4108.9,34376
-523.26,4090.8,34375
-522.85,4094.5,34360
-522.45,4062,34362
-522.04,4026.7,34371
-521.65,3986,34358
-520.83,3929.4,34369
-520.42,3910.4,34351
-520.02,3912.6,34355
-519.62,3939.5,34346
-519.25,3975.3,34343
-518.84,3979.5,34348
-518.46,4006.8,34346
-518.07,4007,34344
-517.68,3973.9,34340
-517.29,3946.8,34340
-516.89,3922.8,34322
-516.49,3895.6,34332
-516.1,3864.1,34320
-515.7,3848.1,34314
-515.3,3841.7,34313
-514.9,3836.8,34319
-514.49,3846.7,34295
-514.09,3875.2,34311
-513.7,3920.6,34297
-513.3,3940.3,34288
-512.91,3969.9,34291
-512.52,4008.1,34297
-512.12,4022.2,34284
-511.73,4023.4,34297
-511.33,4039.4,34297
-510.94,4037.2,34292
-510.56,4047.6,34304
-510.18,4041.3,34315
-509.8,4022.9,34303
-509.43,4008,34321
-509.05,3979.2,34326
-508.63,3946.2,34313
-508.22,3908.8,34322
-507.83,3900.3,34334
-507.44,3878.3,34318
-507.06,3875,34328
-506.68,3858.1,34327
-506.29,3867.1,34319
-505.9,3898.3,34334
-505.52,3971.6,34335
-505.14,4053.3,34328
-504.76,4094.8,34332
-504.37,4139.2,34325
-503.99,4179.3,34313
-503.6,4191.5,34328
-503.21,4190.2,34332
-502.81,4201.4,34321
-502.42,4201.1,34335
-502.01,4164.4,34324
-501.62,4116.5,34324
-501.25,4065.5,34332
-500.88,4040,34337
-499.74,4049.7,34344
-499.34,4085.8,34330
-498.93,4126.3,34347
-498.54,4159.9,34352
-498.16,4177.3,34356
-497.77,4161.5,34370
-497.37,4139.1,34379
-496.98,4105.5,34366
-496.6,4076.4,34389
-496.21,4038.5,34398
-495.82,3998.9,34396
-495.43,3959.1,34414
-495.05,3650.9,34429
-494.65,3644.9,34418
-494.26,3626.6,34441
-493.87,3617.9,34447
-493.48,3644.8,34445
-493.1,3701.4,34455
-492.7,3797.4,34466
-492.31,3922.5,34454
-491.93,4079.5,34472
-491.56,4267.2,34475
-491.18,4437.4,34461
-490.81,4542.6,34473
-490.41,4575,34484
-490.03,4574.8,34469
-489.64,4543.6,34479
-489.25,4512,34488
-488.87,4488.4,34466
-488.48,4468.7,34488
-488.1,4458.4,34475
-487.71,4435.4,34466
-487.32,4396.1,34472
-486.93,4359,34471
-486.54,4324,34461
-486.16,4294.2,34467
-485.76,4283.3,34465
-485.37,4288.7,34458
-484.97,4248.7,34458
-484.59,4193.9,34468
-484.18,4132.8,34450
-483.77,4090.9,34457
-483.39,4058.6,34462
-483.01,4000.5,34452
-482.62,3934.3,34465
-482.22,3858.7,34466
-481.84,3773.9,34450
-481.45,3727.2,34457
-481.05,3664.8,34462
-480.64,3606.2,34452
-480.25,3559.6,34461
-479.86,3471.1,34458
-479.47,3446.9,34445
-479.08,3450.7,34449
-478.69,3433.4,34444
-478.3,3420,34425
-477.91,3404.6,34431
-477.51,3398.5,34420
-477.12,3376.4,34405
-476.74,3364.9,34400
-476.35,3312.5,34388
-475.94,3250.6,34360
-475.51,3190.3,34361
-475.11,3160.8,34352
-474.72,3143.7,34329
-474.35,3143.7,34319
-473.96,3167.8,34313
-473.56,3211.9,34283
-473.16,3270.6,34285
-472.74,3345.9,34278
-472.34,3414,34266
-471.95,3498.2,34261
-471.56,3585.2,34262
-471.17,3661.4,34240
-470.79,3723.7,34245
-470.42,3773.5,34239
-470.03,3804.7,34222
-469.64,3817.2,34224
-469.26,3810.1,34218
-468.89,3818.5,34203
-468.5,3818.2,34199
-468.1,3798.6,34194
-467.7,3781.9,34178
-467.32,3792.9,34173
-466.94,3774.6,34174
-466.56,3750.6,34148
-466.15,3721.8,34163
-465.76,3711.3,34155
-465.37,3693.3,34135
-464.98,3690.9,34151
-464.57,3712.8,34148
-464.17,3789.6,34130
-463.79,3871.3,34139
-463.4,3956.2,34143
-463.03,3975.8,34134
-462.64,3970.6,34151
-462.24,3966.3,34158
-461.84,3974.2,34154
-461.42,3962.6,34175
-461.01,3957.3,34176
-460.59,3951.7,34178
-460.18,3959.1,34196
-459.8,3977.2,34194
-459.42,3976.5,34194
-459.03,3964.8,34210
-458.64,3951.2,34209
-458.24,3915,34196
-457.85,3886.2,34200
-457.47,3886.2,34203
-457.08,3913,34179
-456.68,3946.7,34187
-456.28,3959.1,34184
-455.88,3953.2,34171
-455.49,3948.9,34167
-455.08,3917.1,34168
-454.69,3881.4,34162
-454.3,3874.7,34170
-453.91,3888.4,34165
-453.52,3897.4,34147
-453.12,3878.7,34160
-452.72,3886.4,34163
-452.32,3870.1,34150
-451.94,3849.7,34167
-451.57,3844.3,34156
-451.18,3832.3,34155
-450.76,3815.4,34158
-450.37,3825.5,34166
-449.96,3811.1,34152
-449.57,3803.6,34164
-449.17,3795.3,34166
-448.79,3808.9,34149
-448.39,3819.4,34160
-447.98,3816.4,34154
-447.58,3804.3,34144
-447.19,3797.4,34146
-446.78,3796.8,34135
-446.37,3779.5,34119
-445.96,3748.4,34131
-445.55,3714.1,34128
-445.17,3706.7,34112
-444.79,3716.2,34124
-444.41,3734.9,34114
-444.01,3727.3,34100
-443.61,3716.5,34103
-443.2,3723.7,34097
-442.81,3725.1,34090
-442.42,3717.5,34093
-442.02,3713,34089
-441.62,3721.3,34074
-441.17,3715.9,34095
-440.77,3710.4,34091
-440.38,3686.7,34089
-439.98,3668.2,34118
-439.6,3652.6,34131
-439.22,3649.4,34130
-438.82,3673,34160
-438.42,3692.7,34173
-438.02,3698.7,34181
-437.61,3706.6,34202
-437.22,3699.8,34209
-436.8,3690.7,34204
-436.39,3694.1,34229
-435.98,3722.2,34230
-435.58,3730.8,34220
-435.2,3727.5,34228
-434.79,3736.5,34222
-434.4,3754.3,34213
-434,3763.5,34218
-433.61,3765.9,34209
-433.21,3780.1,34195
-432.84,3808,34209
-432.45,3835.8,34199
-432.04,3873.6,34185
-431.67,3896.9,34201
-431.28,3865.1,34203
-430.89,3850.8,34198
-430.48,3821.6,34206
-430.07,3790.5,34205
-429.67,3785.5,34198
-429.27,3796.9,34210
-428.88,3810.1,34204
-428.47,3814.8,34206
-428.06,3831.1,34216
-427.67,3850.1,34214
-427.3,3852.6,34206
-426.9,3836,34218
-426.5,3821.9,34217
-426.07,3782.8,34200
-425.7,3753.1,34211
-425.29,3736.4,34206
-424.88,3746.7,34185
-424.47,3752.1,34194
-424.07,3760.9,34192
-423.66,3789.6,34174
-423.25,3835.2,34177
-422.84,3878.5,34172
-422.44,3880.8,34159
-422.06,3878.7,34167
-421.63,3861.5,34163
-421.24,3838.9,34155
-420.83,3816.6,34159
-420.46,3788.5,34159
-420.06,3792.1,34140
-419.65,3811,34156
-419.23,3802.5,34159
-418.83,3813.1,34143
-418.42,3856.6,34156
-418.02,3917,34155
-417.6,3961.2,34145
-417.18,4018.9,34152
-416.78,4052.4,34156
-416.38,4076.9,34143
-415.99,4040.6,34150
-415.59,3981,34153
-415.19,3906.4,34146
-414.8,3822.2,34159
-414.4,3741.3,34157
-414.02,3661,34151
-413.6,3629.1,34158
-413.19,3620.1,34154
-412.78,3641.7,34144
-412.36,3680.3,34154
-411.95,3730.5,34146
-411.54,3803.2,34133
-411.13,3861.9,34145
-410.72,3901,34144
-410.31,3917.5,34135
-409.92,3919.9,34144
-409.52,3914,34146
-409.14,3870.1,34139
-408.74,3847.2,34160
-408.34,3838.1,34159
-407.92,3808.9,34160
-407.53,3791.8,34169
-407.11,3796.4,34166
-406.68,3775.7,34146
-406.24,3754.1,34158
-405.84,3754.1,34154
-405.44,3752.1,34132
-405.03,3744.6,34138
-404.62,3728.8,34131
-404.2,3688.9,34116
-403.81,3637.1,34117
-403.4,3582.8,34095
-402.99,3505.5,34085
-402.58,3421.3,34097
-402.16,3334.3,34087
-401.78,3261.1,34072
-401.37,3188.7,34070
-400.97,3124,34072
-400.58,3043.8,34055
-400.19,2998.9,34070
-399.8,2991.1,34070
-399.37,3404,34050
-398.99,3419.2,34071
-398.6,3453.4,34075
-398.21,3511.2,34064
-397.79,3595.1,34071
-397.37,3738.9,34062
-396.96,3871.9,34056
-396.57,3977.6,34065
-396.18,4061,34073
-395.81,4113.3,34070
-395.41,4135.7,34082
-395.01,4125.8,34090
-394.62,4090.5,34089
-394.21,4022.9,34106
-393.81,3957.8,34113
-393.4,3875.4,34099
-392.99,3787.3,34118
-392.59,3822.5,34124
-392.18,3852.3,34109
-391.78,3865.2,34120
-391.37,3848.9,34119
-390.98,3819.6,34105
-390.61,3791.5,34112
-390.21,3749.4,34098
-389.82,3730.8,34070
-389.41,3715.1,34062
-389.01,3681.3,34050
-388.61,3647.1,34015
-388.21,3634.6,34006
-387.82,3647.2,33995
-387.42,3665.8,33961
-387.02,3673.3,33954
-386.62,3675.4,33952
-386.23,3673.7,33938
-385.8,3656.9,33960
-385.43,3628.2,33973
-385.03,3627.9,33975
-384.62,3650.5,34003
-384.21,3692.1,34024
-383.8,3748.5,34026
-383.39,3790,34053
-382.98,3785.9,34057
-382.58,3814.7,34045
-382.17,3837.7,34050
-381.76,3842.3,34038
-381.34,3854.8,34013
-380.93,3859.2,34007
-380.54,3843.7,33998
-380.13,3840.6,33959
-379.72,3812.3,33952
-379.31,3800.2,33932
-378.92,3809.1,33899
-378.5,3790.5,33882
-378.12,3758.5,33862
-377.71,3735.7,33832
-377.31,3698.1,33822
-376.91,3670.2,33803
-376.53,3675.4,33783
-376.12,3685.7,33775
-375.72,3714.8,33771
-375.31,3750.3,33754
-374.89,3790.4,33761
-374.49,3829.5,33764
-374.09,3889,33753
-373.7,3913.5,33779
-373.3,3889.5,33788
-372.89,3865.2,33785
-372.46,3830.8,33821
-372.05,3790.9,33829
-371.65,3754.9,33836
-371.24,3728.2,33882
-370.84,3686.9,33906
-370.43,3693.8,33929
-370.03,3703,33959
-369.61,3682.4,33986
-369.22,3693.6,33991
-368.81,3695.9,34022
-368.4,3711.9,34033
-367.98,3716,34035
-367.56,3734.4,34043
-367.14,3717.1,34040
-366.74,3729.1,34021
-366.31,3726.4,34012
-365.87,3731.2,33994
-365.43,3719,33949
-365.01,3696.2,33935
-364.61,3709.6,33900
-364.21,3711.5,33867
-363.81,3698.2,33852
-363.39,3667.9,33825
-362.99,3636.8,33803
-362.58,3610.3,33800
-362.17,3592.1,33787
-361.77,3610.6,33769
-361.33,3617.2,33766
-360.93,3602.4,33770
-360.53,3605.4,33746
-360.12,3631.3,33749
-359.73,3681.2,33758
-359.33,3693.4,33741
-358.91,3710,33753
-358.48,3731.9,33762
-358.07,3709.2,33773
-357.68,3687,33793
-357.27,3668,33826
-356.87,3633.8,33830
-356.46,3597.8,33876
-356.05,3597.5,33894
-355.63,3615.8,33910
-355.23,3662.6,33937
-354.85,3674.3,33955
-354.48,3675.6,33962
-354.08,3664.1,33989
-353.66,3654.1,34004
-353.24,3626.6,33996
-352.83,3623.7,34013
-352.43,3661.3,34009
-352.01,3707,34009
-351.6,3746.5,34021
-351.2,3762.2,34019
-350.8,3754.9,34027
-350.39,3754.7,34049
-349.99,3735.2,34056
-349.58,3695,34064
-349.18,3676.9,34083
-348.77,3691.5,34088
-348.35,3721.3,34082
-347.93,3740.9,34102
-347.52,3783.7,34108
-347.11,3806.4,34098
-346.71,3806.1,34114
-346.31,3784.9,34113
-345.91,3757.5,34104
-345.48,3746.6,34112
-345.09,3760.8,34110
-344.67,3801,34090
-344.25,3819.1,34090
-343.84,3837.4,34086
-343.43,3870.9,34070
-343.02,3861.6,34074
-342.62,3836.5,34041
-342.2,3813,34026
-341.78,3785.5,34018
-341.37,3768,34002
-340.96,3754.7,33967
-340.54,3756.3,33947
-340.13,3758.1,33928
-339.73,3772.1,33906
-339.31,3767.3,33894
-338.91,3773.7,33878
-338.49,3766.2,33856
-338.09,3769.1,33865
-337.69,3802.8,33858
-337.27,3797.5,33844
-336.84,3792.7,33851
-336.41,3786.5,33836
-335.98,3770.2,33809
-335.57,3799.1,33807
-335.14,3783.5,33784
-334.75,3762.4,33754
-334.35,3731.2,33744
-333.94,3695.1,33717
-333.52,3673.6,33697
-333.09,3669.7,33677
-332.66,3685.7,33669
-332.23,3731,33644
-331.82,3763.1,33630
-331.41,3763,33630
-331,3764.9,33608
-330.59,3754.5,33615
-330.17,3723.5,33600
-329.76,3721.5,33581
-329.35,3702.7,33592
-328.93,3708.7,33574
-328.51,3687.6,33559
-328.13,3658.8,33560
-327.72,3646.1,33561
-327.31,3656.2,33545
-326.89,3686.2,33565
-326.47,3692.4,33559
-326.06,3710.7,33549
-325.64,3722,33555
-325.23,3705.5,33560
-324.81,3674.4,33553
-324.39,3629.1,33567
-323.97,3605.7,33570
-323.55,3573,33552
-323.15,3528.6,33564
-322.76,3496.8,33570
-322.36,3491.8,33561
-321.94,3508.9,33574
-321.51,3541,33583
-321.08,3576.5,33577
-320.67,3582,33598
-320.26,3557.6,33616
-319.86,3550,33615
-319.45,3526.1,33648
-319.02,3518.2,33660
-318.59,3498.8,33670
-318.17,3504.7,33686
-317.76,3492.1,33706
-317.34,3468.3,33698
-316.94,3446.7,33707
-316.53,3447.9,33712
-316.1,3444.4,33702
-315.66,3434.6,33709
-315.22,3449.1,33700
-314.81,3514.1,33677
-314.4,3588.1,33678
-313.98,3659.2,33667
-313.57,3690.5,33640
-313.15,3668.9,33637
-312.73,3619,33622
-312.31,3578,33605
-311.91,3521.9,33604
-311.49,3494.9,33592
-311.07,3451.3,33581
-310.63,3419.7,33587
-310.2,3400.6,33598
-309.79,3410.8,33606
-309.37,3425.1,33646
-308.95,3451.9,33667
-308.54,3460.2,33695
-308.12,3490.9,33734
-307.7,3528.7,33763
-307.29,3537.4,33783
-306.87,3552.6,33814
-306.45,3553.5,33836
-306.02,3549.2,33845
-305.58,3545.4,33870
-305.18,3532.2,33881
-304.76,3508.8,33872
-304.33,3508.6,33896
-303.91,3495.5,33904
-303.49,3509.9,33908
-303.05,3506.5,33917
-302.63,3494.1,33916
-302.21,3473.9,33903
-301.79,3462.4,33919
-301.38,3473.1,33907
-300.97,3503.8,33893
-300.54,3528,33897
-300.1,3513.5,33906
-299.66,3464.4,33902
-299.25,3404.2,33917
-298.84,3377.5,33919
-298.42,3357.6,33915
-297.99,3328,33939
-297.57,3299.9,33947
-297.15,3300.8,33942
-296.71,3321.7,33963
-296.27,3323.9,33978
-295.85,3355.2,33968
-295.42,3392.3,33983
-295.02,3406.3,33998
-294.61,3443.1,33991
-294.18,3478.9,34003
-293.76,3526.1,34000
-293.33,3551.3,33990
-292.91,3575.6,33998
-292.5,3595,33986
-292.07,3621.1,33957
-291.65,3657.1,33953
-291.22,3697.9,33944
-290.81,3707.1,33914
-290.39,3715.8,33912
-289.96,3714.6,33897
-289.55,3697.9,33869
-289.15,3676.4,33865
-288.73,3631.5,33852
-288.29,3591.5,33829
-287.86,3576.4,33825
-287.43,3577.8,33809
-287,3593.4,33796
-286.59,3594.2,33791
-286.15,3602.5,33778
-285.73,3574.7,33756
-285.29,3548.9,33760
-284.86,3523.8,33754
-284.44,3501.9,33735
-284.04,3489.3,33743
-283.61,3520.2,33723
-283.19,3558.1,33710
-282.77,3594.4,33709
-282.34,3623.2,33705
-281.92,3622.2,33695
-281.5,3629.8,33692
-281.08,3622.2,33689
-280.68,3617.5,33672
-280.25,3626.5,33683
-279.83,3628,33681
-279.41,3648,33674
-278.99,3647.6,33688
-278.56,3635.6,33684
-278.15,3632.6,33667
-277.75,3632.2,33676
-277.32,3624.9,33669
-276.89,3634.4,33648
-276.47,3626.5,33647
-276.04,3619.9,33632
-275.62,3617.4,33604
-275.2,3588.4,33602
-274.77,3585.5,33593
-274.35,3562.1,33576
-273.93,3523.6,33570
-273.5,3491,33574
-273.07,3453,33565
-272.65,3451.6,33577
-272.23,3471.6,33588
-271.82,3487.7,33585
-271.39,3492.4,33612
-270.97,3465.9,33625
-270.55,3445,33617
-270.13,3457.6,33657
-269.74,3437.7,33655
-269.33,3422.4,33648
-268.89,3420.3,33661
-268.44,3438.4,33673
-267.99,3450.6,33662
-267.58,3465.6,33675
-267.17,3475.3,33679
-266.75,3505.8,33673
-266.34,3510.1,33683
-265.91,3482.2,33679
-265.49,3438.7,33667
-265.05,3388,33668
-264.65,3380.2,33662
-264.25,3314.5,33644
-263.84,3260.2,33646
-263.42,3227.9,33630
-262.99,3204.1,33622
-262.56,3207.7,33610
-262.14,3216.9,33599
-261.74,3248,33577
-261.32,3295.3,33577
-260.89,3332.9,33570
-260.48,3358.3,33548
-260.08,3394.7,33542
-259.65,3448.3,33542
-259.24,3482.1,33514
-258.81,3526.1,33510
-258.39,3584.6,33493
-257.98,3631.3,33467
-257.57,3672.5,33468
-257.16,3687.6,33453
-256.73,3695.9,33427
-256.32,3712.9,33418
-255.89,3701.9,33420
-255.47,3697.8,33402
-255.04,3689.6,33404
-254.64,3703.9,33402
-254.22,3723.4,33393
-253.77,3744.9,33408
-253.32,3746.5,33412
-252.88,3729.3,33414
-252.45,3702.1,33434
-252.03,3680.9,33447
-251.6,3653.2,33446
-251.18,3635.4,33470
-250.77,3632.4,33482
-250.37,3642.9,33481
-249.94,3638.6,33494
-249.53,3631.3,33500
-249.12,3631.6,33502
-248.71,3658.7,33527
-248.27,3674,33545
-247.8,3693.9,33548
-247.37,3700.4,33587
-246.95,3686.4,33604
-246.53,3696.9,33615
-246.1,3682.8,33662
-245.69,3684.9,33678
-245.29,3662.6,33673
-244.87,3649.6,33705
-244.45,3650.9,33716
-244.02,3658.1,33699
-243.59,3693,33704
-243.15,3708.4,33688
-242.71,3703.6,33662
-242.28,3717.2,33649
-241.86,3729.6,33615
-241.45,3758.9,33575
-241.07,3767.5,33566
-240.66,3797.3,33539
-240.25,3802.9,33502
-239.82,3799.3,33488
-239.39,3778,33475
-238.97,3753.7,33451
-238.54,3713.4,33436
-238.14,3652.5,33420
-237.73,3596.8,33389
-237.34,3539.7,33382
-236.93,3472.2,33375
-236.51,3416.1,33348
-236.1,3401.3,33352
-235.68,3415.4,33338
-235.26,3449,33312
-234.86,3508.4,33306
-234.45,3581.6,33297
-234.02,3625.4,33279
-233.59,3646.8,33284
-233.2,3657,33276
-232.78,3642.3,33249
-232.35,3640.6,33254
-231.93,3634.9,33256
-231.53,3611.9,33246
-231.13,3595.8,33242
-230.72,3568.8,33240
-230.3,3551.1,33225
-229.87,3518.6,33225
-229.45,3498,33222
-229.04,3480.3,33206
-228.64,3460.2,33218
-228.24,3437.6,33216
-227.83,3429.4,33204
-227.4,3446.9,33231
-226.96,3457.5,33236
-226.53,3483,33236
-226.11,3516.1,33269
-225.69,3528.1,33304
-225.27,3555.6,33323
-224.85,3576.7,33362
-224.44,3595.9,33400
-224.02,3594.9,33422
-223.59,3582.6,33460
-223.16,3567.3,33498
-222.73,3539.6,33508
-222.29,3492.6,33545
-221.87,3448.1,33562
-221.47,3446.9,33564
-221.08,3439.5,33586
-220.69,3432.1,33589
-220.29,3433.9,33587
-219.86,3417.2,33610
-219.42,3389.8,33609
-218.99,3376.4,33606
-218.56,3341.4,33623
-218.15,3310.4,33625
-217.74,3290.5,33619
-217.33,3302.1,33637
-216.93,3348.3,33632
-216.51,3363,33618
-216.08,3359.9,33622
-215.68,3381.1,33596
-215.26,3417.7,33569
-214.85,3521.8,33564
-214.42,3590.7,33532
-213.99,3643.4,33487
-213.56,3664.7,33462
-213.14,3644.4,33425
-212.7,3587.5,33368
-212.28,3496,33341
-211.84,3482.7,33310
-211.38,3491.6,33254
-210.98,3490.5,33245
-210.53,3496.1,33219
-210.09,3494.7,33185
-209.66,3483.8,33189
-209.24,3506.6,33176
-208.83,3525.4,33158
-208.4,3572.9,33178
-207.97,3628.6,33179
-207.54,3659.8,33184
-207.1,3674.3,33195
-206.67,3681.9,33220
-206.26,3663.7,33238
-205.85,3652.8,33279
-205.44,3634.9,33300
-205.03,3640.1,33313
-204.61,3675.8,33346
-204.21,3710.3,33365
-203.8,3736.7,33371
-203.36,3766.2,33407
-202.92,3784.9,33416
-202.5,3750.4,33413
-202.07,3683.9,33433
-201.67,3628.5,33437
-201.26,3595,33433
-200.86,3581.2,33460
-200.44,3560,33457
-200.04,3531.5,33443
-199.63,3508.1,33463
-199.2,3507.3,33456
-198.76,3498.3,33443
-198.33,3511.1,33450
-197.94,3520,33429
-197.52,3529.9,33404
-197.08,3537.7,33395
-196.65,3539.1,33372
-196.24,3528.2,33337
-195.84,3505,33329
-195.41,3491.2,33305
-194.98,3511.3,33274
-194.56,3512.3,33263
-194.15,3517.5,33252
-193.74,3509.3,33226
-193.32,3509.3,33223
-192.92,3504.4,33209
-192.5,3518,33192
-192.06,3505.4,33174
-191.64,3471.4,33178
-191.21,3432.5,33148
-190.78,3414.2,33143
-190.35,3421.7,33136
-189.93,3459.9,33116
-189.51,3465.3,33115
-189.09,3475.9,33110
-188.66,3453.9,33087
-188.24,3463.1,33084
-187.83,3465.6,33070
-187.41,3450.8,33066
-186.99,3429.6,33062
-186.56,3415.9,33059
-186.14,3412,33046
-185.71,3405.2,33061
-185.27,3365.4,33044
-184.85,3336.9,33034
-184.45,3305.3,33040
-184.03,3276.5,33032
-183.6,3246.2,33031
-183.18,3215.4,33031
-182.77,3219.5,33043
-182.38,3251.4,33026
-181.99,3296.2,33032
-181.55,3352.9,33040
-181.12,3391.6,33017
-180.71,3445.1,33025
-180.3,3465,33020
-179.87,3495.8,33004
-179.43,3502.1,33002
-178.99,3465.8,32994
-178.59,3390.1,32976
-178.18,3367.2,32974
-177.75,3338.6,32963
-177.34,3315.6,32948
-176.93,3316.7,32960
-176.52,3260.6,32959
-176.1,3190.5,32946
-175.69,3109.7,32960
-175.28,3039.3,32964
-174.88,2961.1,32963
-174.46,2910.7,32983
-174.05,2896.8,32970
-173.65,2893,32971
-173.23,2950.4,32977
-172.81,2998.6,32978
-172.39,3089.2,32963
-171.96,3175.1,32978
-171.53,3264.7,32977
-171.11,3325.4,32963
-170.7,3392,32972
-170.3,3438.8,32977
-169.91,3477.4,32970
-169.51,3496.1,32988
-169.1,3497.6,32993
-168.67,3502.4,32987
-168.25,3481.6,32997
-167.84,3467,33008
-167.45,3463,32990
-167.05,2960,33009
-166.65,2955,33010
-166.23,2950,32999
-165.82,2934.7,33007
-165.4,2920,33007
-165.02,2909.4,32998
-164.62,2900,33021
-164.22,2857.6,33018
-163.81,2820,33021
-163.39,2867.9,33039
-162.97,2930,33049
-162.56,2938.6,33057
-162.15,2950,33101
-161.73,3007.4,33109
-161.32,3084.7,33129
-160.91,3150.6,33160
-160.52,3232.8,33188
-160.11,3312.1,33199
-159.7,3387.1,33228
-159.28,3451.3,33238
-158.87,3490.2,33236
-158.47,3504.1,33260
-158.08,3504.9,33270
-157.68,3502.5,33269
-157.28,3486.4,33286
-156.87,2970,33286
-156.46,2960,33282
-156.05,2950,33290
-155.64,2960,33306
-155.23,3132.1,33284
-154.81,3179.6,33294
-154.39,3123.1,33279
-153.98,3119.3,33259
-153.57,3135.9,33257
-153.16,3205.6,33241
-152.77,3253.9,33214
-152.37,3249.3,33204
-151.97,3244.8,33185
-151.56,3263.9,33145
-151.14,3307.7,33133
-150.72,3331.8,33121
-150.3,3364,33090
-149.91,3387.9,33094
-149.5,3406.7,33092
-149.09,3432.9,33082
-148.69,3421.2,33109
-148.27,3426.8,33102
-147.86,3422.1,33114
-147.45,3406.7,33132
-147.04,3384.3,33128
-146.64,3340.7,33121
-146.24,3317.4,33112
-145.85,3283.8,33116
-145.44,3269.9,33102
-145.03,3306.4,33086
-144.62,3376.7,33073
-144.2,3488.8,33048
-143.8,3596.1,33036
-143.39,3652.5,33032
-143,3732.2,33013
-142.6,3781.1,33017
-142.19,3705.4,33001
-141.76,3653.5,33004
-141.35,3522.9,33016
-140.94,3428.3,33031
-140.52,3352.5,33043
-140.09,3303,33080
-139.69,3221.4,33106
-139.3,3131.2,33108
-138.91,3080.4,33138
-138.51,3061.8,33162
-138.11,3067.5,33158
-137.68,3127,33179
-137.27,3180.9,33180
-136.86,3250.5,33171
-136.44,3316.5,33180
-136.03,3359.6,33158
-135.64,3417.4,33141
-135.25,3467.8,33131
-134.85,3499.9,33109
-134.44,3543.4,33088
-134.03,3561.4,33090
-133.62,3561.8,33072
-133.22,3586.1,33057
-132.83,3588.8,33057
-132.44,3534.3,33055
-132.03,3514.6,33039
-131.62,3477.1,33054
-131.21,3447.9,33054
-130.81,3430.1,33050
-130.42,3393.8,33072
-130.03,3386.5,33084
-129.64,3423.8,33079
-129.25,3464.5,33118
-128.85,3506.4,33123
-128.44,3510.1,33133
-128.03,3511.7,33153
-127.63,3513.9,33157
-127.26,3504.9,33154
-126.88,3502.5,33164
-126.5,3500.4,33156
-126.09,3492.3,33145
-125.69,3459.6,33136
-125.29,3430.5,33131
-124.89,3423.7,33103
-124.12,3435.4,33104
-123.75,3468,33098
-123.35,3522,33089
-122.94,3584,33070
-122.55,3664.7,33052
-122.14,3726.8,33056
-121.73,3776.1,33045
-121.3,3791.4,33025
-120.87,3787.4,33021
-120.48,3796.3,33012
-120.09,3798.8,32992
-119.68,3787.5,32989
-119.26,3748.5,32992
-118.87,3682.6,32970
-118.49,3617.4,32975
-118.11,3546.1,32964
-117.72,3477.2,32950
-117.33,3395.4,32951
-116.91,3342.4,32951
-116.51,3330.6,32931
-116.11,3318.1,32935
-115.69,3294.3,32921
-115.3,3286.4,32905
-114.9,3294,32910
-114.5,3291.6,32902
-114.07,3280,32876
-113.63,3273.1,32873
-113.21,3258.2,32866
-112.84,3248.9,32843
-112.48,3232.7,32843
-112.09,3198.7,32831
-111.67,3166.9,32824
-111.24,3146.2,32846
-110.81,3144.9,32850
-110.41,3094.2,32853
-110.01,2811.5,32874
-109.62,2831.9,32874
-109.22,2883,32867
-108.82,2960.4,32884
-108.42,3035.9,32893
-108.03,3111.3,32869
-107.64,3177.5,32884
-107.23,3229.1,32870
-106.83,3271.4,32872
-106.43,3316.4,32871
-106.03,3330.6,32861
-105.62,3323.9,32846
-105.21,3324.3,32843
-104.81,3346.7,32840
-104.41,3331.9,32824
-104.02,3335.7,32824
-103.61,3324.2,32806
-103.22,3318.4,32796
-102.81,3319.5,32784
-102.41,3293.5,32770
-102.02,3277.6,32772
-101.65,3236.4,32788
-101.25,3185.6,32805
-100.85,3117.3,32811
-100.44,3066.6,32846
-100.01,3005.4,32880
-99.579,2958,32892
-99.175,2927,32923
-98.78,2913.7,32938
-98.385,2985.1,32940
-97.99,3038.8,32960
-97.595,3132.4,32941
-97.208,3215,32930
-96.795,3293.4,32947
-96.391,3357.1,32933
-95.996,3393,32934
-95.592,3424.3,32942
-95.196,3444.3,32943
-94.81,3442.3,32930
-94.414,3427.3,32948
-94.01,3355.6,32953
-93.596,3308.9,32932
-93.2,3257,32927
-92.805,3185.4,32925
-92.401,3143.2,32898
-91.996,3101.4,32883
-91.583,3078.8,32884
-91.179,3073.9,32868
-90.785,3082.9,32885
-90.381,3110.4,32901
-89.985,3139,32903
-89.589,3167.1,32929
-89.193,3180.7,32953
-88.797,3209.8,32970
-88.393,3220.1,32986
-87.988,3225.5,32998
-87.61,3236.4,33003
-87.214,3241.4,33022
-86.818,3235.9,33030
-86.422,3227.6,33030
-86.026,3211.4,33041
-85.647,3189.8,33041
-85.243,3168.6,33042
-84.838,3154.2,33065
-84.425,3147.6,33064
-84.02,3148.6,33064
-83.59,3145.6,33065
-83.194,3145,33071
-82.834,3124,33066
-82.438,3120.7,33067
-82.042,3100.8,33078
-81.637,3066.6,33070
-80.423,2989.1,33068
-80.019,2947.2,33062
-79.623,2924.2,33066
-79.227,2932.2,33037
-78.848,2958.5,33034
-78.47,2987.1,33010
-78.074,3025.5,32985
-77.679,3052.3,32968
-77.284,3043.9,32936
-76.871,3050,32898
-76.467,3072.6,32876
-76.071,3095.5,32844
-75.675,3114.1,32802
-75.27,3154.1,32798
-74.875,3195.9,32766
-74.479,3227.7,32733
-74.083,3287.4,32731
-73.687,3326,32723
-73.284,3363.8,32695
-72.861,3395.6,32708
-72.448,3399.9,32695
-72.044,3384.1,32687
-71.666,3353.1,32701
-71.27,3328.4,32699
-70.874,3277.6,32688
-70.469,3209.6,32693
-70.065,3129.6,32683
-69.669,3052.4,32683
-69.273,2976.4,32691
-68.86,2893.9,32691
-68.437,2861.7,32680
-68.05,2857.2,32691
-67.663,2877,32699
-67.241,2912.2,32693
-66.837,2955.5,32698
-66.424,3003.2,32697
-66.028,3025.3,32682
-65.624,3022.7,32697
-65.219,3008.3,32712
-64.806,3008.5,32692
-64.402,2993.9,32716
-63.997,2980.1,32714
-63.592,2985.1,32713
-63.196,2984.5,32735
-62.783,2983.5,32739
-62.396,2985,32740
-62,2982.7,32758
-61.587,2956.3,32761
-61.209,2952.8,32749
-60.786,2929.1,32748
-60.373,2909.3,32744
-59.968,2873.9,32712
-59.564,2833.3,32707
-59.16,2787.2,32690
-58.764,2744.5,32659
-58.369,2701.4,32654
-57.99,2647.6,32636
-57.595,2611.2,32630
-57.182,2601.1,32643
-56.769,2605.3,32655
-56.418,2650.2,32673
-56.004,2696,32719
-55.6,2749.5,32756
-55.195,2819.9,32794
-54.782,2875,32848
-54.368,2922,32893
-53.955,2968.2,32920
-53.55,3011.1,32969
-53.135,3066.7,32996
-52.731,3144.1,32997
-52.335,3194.9,33027
-51.949,3230.2,33019
-51.562,3272.9,32997
-51.167,3281.4,32981
-50.762,3273.6,32956
-50.366,3258.9,32910
-49.944,3246.1,32889
-49.558,3230.4,32848
-49.146,3204.6,32812
-48.732,3171.2,32798
-48.318,3135.4,32786
-47.922,3100.5,32754
-47.527,3062.5,32745
-47.149,3005.9,32745
-46.753,2944.1,32717
-46.33,2882.6,32732
-45.916,2906.2,32714
-45.495,2907.1,32704
-45.091,2901,32706
-44.687,2890.3,32700
-44.282,2884.2,32695
-43.868,2879.5,32688
-43.472,2887.6,32681
-43.076,2874.6,32665
-42.671,2851.4,32683
-42.267,2843.4,32680
-41.862,2855.5,32673
-41.476,2868.2,32692
-39.034,2925.4,32721
-38.62,2929.7,32717
-38.216,2917.6,32698
-37.812,2922.3,32709
-37.022,2972.3,32680
-36.617,3023.5,32694
-36.222,3066.1,32677
-35.826,3076.8,32667
-35.421,3095.5,32670
-35.007,3122.1,32656
-34.594,3136.6,32644
-34.199,3137.9,32652
-33.804,3127.4,32641
-33.399,3114,32622
-32.977,3095.1,32632
-32.564,3078.1,32616
-32.168,3040.6,32601
-31.763,2999.7,32604
-31.368,2959,32614
-30.963,2919.3,32599
-30.551,2865.3,32624
-30.147,2824.5,32638
-29.725,2956.3,32636
-29.293,2950.5,32670
-28.88,2957.4,32679
-28.458,2945.9,32683
-28.044,2929.6,32695
-27.649,2918,32687
-27.254,2890.1,32660
-26.868,2864.1,32650
-26.463,2846.1,32625
-26.049,2819.9,32578
-25.636,2786.7,32560
-25.24,2788.1,32552
-24.845,2801.8,32510
-24.44,2818.1,32500
-24.026,2829.1,32483
-23.622,2841.4,32453
-23.218,2839.9,32463
-22.813,2848.7,32461
-22.417,2838.6,32449
-22.022,2825.3,32469
-21.618,2834.7,32498
-21.205,2827.9,32509
-20.782,2809.9,32562
-20.378,2807.4,32594
-19.955,2794.3,32615
-19.551,2782.6,32666
-19.146,2765.5,32700
-18.751,2764.3,32714
-18.346,2754,32738
-17.95,2763.6,32747
-17.555,2774,32748
-17.168,2782.9,32768
-16.772,2795.9,32767
-16.376,2826.2,32757
-15.946,2846.6,32776
-15.524,2869.6,32773
-15.128,2873.4,32760
-14.75,2871.2,32771
-14.363,2864,32780
-13.967,2857.6,32768
-13.563,2851.8,32783
-13.177,2847.2,32794
-12.755,2849.3,32796
-12.343,2838.6,32817
-11.93,2823.5,32812
-11.527,2807,32805
-11.14,2786.4,32819
-10.753,2758.1,32815
-10.358,2735.3,32804
-9.9456,2712.7,32816
-9.5508,2705.8,32810
-9.1642,2711,32786
-8.751,2715.8,32780
-8.3467,2712.6,32776
-7.9509,2715.6,32768
-7.5721,2706.9,32762
-7.1938,2702.8,32758
-6.7985,2697,32731
-6.3863,2696.9,32745
-6.0001,2683,32733
-5.6132,2684.5,32717
-5.2174,2709.8,32728
-4.7873,2739.4,32721
-4.3747,2776.8,32720
-3.9618,2847.2,32730
-3.5998,2913.3,32737
-3.2209,2945.3,32733
-2.825,2995.3,32773
-2.4215,3041,32778
-2.0444,3074.6,32773
-1.641,3116.6,32798
-1.2538,3185.9,32809
-0.86659,3228.4,32788
-0.47003,3259.7,32805
-0.090939,3293.5,32797
0.33001,3299.2,32774
0.74345,3292.3,32768
1.1385,3213.4,32754
1.5245,3154.9,32737
1.9024,3100.1,32744
2.2894,3080,32742
2.6763,3051.7,32716
3.072,3013.3,32721
3.468,2987.2,32722
3.8823,2942,32719
4.3052,2885.8,32714
4.7189,2825.3,32724
5.0778,2755.7,32707
5.4736,2712.7,32722
5.869,2687.5,32719
6.255,2685.7,32717
6.6408,2692.1,32719
7.0179,2709.1,32722
7.4039,2735.7,32698
7.7992,2766.4,32714
8.1855,2795.5,32707
8.5721,2812.8,32699
8.9594,2847.1,32722
9.3554,2865.6,32718
10.128,2911.9,32715
10.516,2912.7,32729
10.902,2914.1,32721
11.279,2898.8,32725
11.639,2884.6,32734
12.016,2877.7,32731
12.411,2875.1,32724
12.825,2868.6,32725
13.229,2861.4,32720
13.624,2846.4,32729
14.003,2840.6,32731
14.391,2832.7,32743
14.777,2825.6,32744
15.172,2826.7,32756
15.567,2825.3,32746
15.963,2820.3,32761
16.349,2805.1,32764
16.719,2796.4,32744
17.097,2806.4,32763
17.483,2803.9,32753
17.87,2808.5,32711
18.248,2813.8,32703
18.625,2827.6,32674
19.012,2822.5,32635
19.399,2821.2,32590
19.794,2814,32546
20.191,2800.4,32474
20.578,2792.8,32444
20.965,2810.8,32422
21.361,2837.7,32386
21.748,2864.7,32378
22.126,2901.1,32395
22.497,2918.9,32380
22.893,2916.9,32388
23.307,2934.8,32402
23.694,2952.5,32392
24.071,2974,32417
24.458,2977.5,32445
24.844,2990.9,32462
25.24,2993.4,32512
25.636,3014.3,32544
26.041,3033.1,32586
26.437,3038.2,32623
26.816,3053.2,32662
27.203,3065.6,32679
27.6,3057.4,32707
27.995,3043.5,32707
28.381,3018.8,32674
28.758,2988.3,32667
29.154,2953.5,32644
29.558,2925.1,32588
29.972,2885.6,32580
30.359,2859.3,32556
30.737,2844.2,32529
31.14,2849.4,32514
31.552,2876.2,32518
31.955,2922.9,32496
32.341,2949.8,32513
32.718,2995.8,32511
33.105,3026.7,32521
33.492,3062.4,32500
33.888,3083.6,32517
34.274,3102.7,32494
34.669,3128.1,32498
35.055,3156.4,32483
35.441,3184.3,32453
35.819,3191.8,32444
36.239,3188.4,32435
36.609,3178.8,32409
37.013,3168.6,32412
37.399,3146.3,32388
37.794,3115.1,32382
38.189,3066.6,32376
38.574,3035.6,32360
38.952,2996.4,32366
39.305,2987.4,32385
39.7,2991.4,32388
40.095,3007.6,32388
40.491,3020,32382
40.894,3026.3,32393
41.28,3031.6,32392
41.658,3047.4,32404
42.045,3060.5,32408
42.441,3076.4,32396
42.836,3073.9,32403
43.222,3071.6,32404
43.618,3063,32398
44.013,3065.5,32411
44.408,3052.3,32403
44.804,3053.7,32402
45.201,3063.8,32388
45.597,3070.9,32382
45.994,3086.7,32389
46.417,3100.3,32381
46.821,3114.2,32387
47.198,3115.9,32380
47.576,3117.2,32378
47.963,3114.9,32362
48.35,3120.7,32369
48.738,3133.4,32364
49.107,3182.4,32358
49.512,3180.4,32360
49.907,3203.3,32383
50.311,3220.4,32390
50.697,3245.4,32406
51.101,3287.9,32439
51.496,3308.7,32468
51.874,3325,32477
52.26,3298.8,32524
52.647,3269.1,32548
53.034,3244.7,32560
53.403,3228.4,32585
53.798,3203.1,32605
54.184,3162.1,32597
54.571,3115.7,32609
54.94,3073.7,32616
55.318,3022.8,32597
55.705,2965.2,32584
56.1,2909.8,32563
56.478,2864.8,32538
56.856,2811.3,32487
57.234,2749.8,32469
57.612,2690.1,32418
58.008,2649,32403
58.395,2625.7,32385
58.763,2613.1,32348
59.15,2631.4,32341
59.528,2676.9,32335
59.897,2729.5,32316
60.284,2818.5,32338
60.689,2873.6,32340
61.094,2910.7,32350
61.481,2947.6,32370
61.877,2979.2,32354
62.255,3017.1,32372
62.641,3062.1,32377
63.028,3088.1,32374
63.415,3107,32389
63.802,3128.7,32402
64.196,3144.9,32394
64.591,3117.4,32383
64.969,3104,32413
65.347,3086.3,32427
65.734,3073.3,32418
66.122,3067.8,32432
66.509,3058.9,32434
66.896,3064.1,32422
67.265,3052.5,32436
67.651,3039.7,32436
68.039,3011.8,32409
68.417,2982.8,32417
68.803,2947.6,32408
69.181,2922.2,32382
69.576,2910.2,32381
69.953,2936.2,32343
70.356,2977.8,32332
70.743,3030.3,32351
71.139,3102.2,32322
71.526,3166.1,32300
71.904,3228.3,32304
72.273,3283.9,32292
72.658,3335.8,32260
73.027,3370.8,32259
73.395,3360.1,32252
73.772,3320.8,32247
74.166,3263.4,32247
74.561,3197.5,32239
74.939,2902.2,32235
75.325,2896.9,32249
75.712,2890.3,32267
76.09,2873.3,32279
76.468,2860.9,32297
76.846,2858.7,32310
77.233,2853.8,32313
77.619,2826.1,32324
78.006,2794.5,32335
78.385,2786.5,32328
78.764,2772.2,32344
79.141,2779.9,32331
79.545,2797.6,32341
79.949,2857.7,32338
80.345,2856.8,32335
80.724,2875.1,32347
81.094,2888.1,32340
81.48,2890.5,32341
81.85,2899,32336
82.228,2895.8,32343
82.623,2906.4,32335
83.019,2937.9,32353
83.389,3006.6,32354
83.768,3049.9,32347
84.165,3090.5,32354
84.562,3144.5,32359
84.957,3162.5,32352
85.343,3161.5,32353
85.72,3160.5,32358
86.107,3154.6,32365
86.493,3144.7,32355
86.896,3123.7,32374
87.299,3078.5,32368
87.694,3020.1,32361
88.08,2972.4,32355
88.449,2947.7,32355
88.827,2911.7,32325
89.196,2890.5,32318
89.591,2892.9,32305
89.979,2898.9,32273
90.368,2901.2,32273
90.764,2918.7,32274
91.16,2942.6,32247
91.546,2976.1,32256
91.915,3017.1,32260
92.284,3052.4,32260
92.654,3071.8,32281
93.061,3049.6,32285
93.455,3010.4,32288
93.828,2957.1,32312
94.221,2893.9,32327
94.6,2831.5,32313
94.997,2772.9,32318
95.392,2785,32313
95.769,2823.9,32311
96.166,2860.2,32323
96.535,2881.3,32318
96.897,2897.9,32323
97.266,2916.8,32316
97.661,2921.2,32314
98.046,2914.3,32315
98.424,2918.6,32306
98.803,2906.9,32316
99.2,2903.6,32316
99.595,2873.7,32306
99.971,2844.3,32316
100.36,2800.3,32282
100.74,2773.1,32296
101.14,2735.3,32274
101.53,2704,32266
101.91,2666.9,32260
102.28,2654.6,32253
102.66,2708.4,32244
103.04,3411.8,32245
103.43,3319,32227
103.83,3243.1,32214
104.22,3091.9,32223
104.6,2895.2,32215
104.98,3019.7,32197
105.36,3116.2,32200
105.73,3246.2,32198
106.11,3271.2,32172
106.49,3284.1,32187
106.87,2708.6,32176
107.27,3452.4,32157
107.66,3516,32164
108.06,3583,32147
108.44,3659.1,32125
108.82,3665.5,32132
109.19,3664.5,32120
109.58,3677.3,32088
109.96,3680.2,32090
110.36,3686.4,32081
110.75,3702.3,32060
111.12,3749.5,32075
111.5,3721.1,32074
111.89,3607.5,32067
112.28,3569.7,32090
112.65,3548.4,32102
113.01,3544.2,32108
113.4,3486.9,32139
113.79,3406.4,32172
114.16,3382.7,32181
114.54,3325.7,32226
114.92,3233.3,32258
115.3,3231.6,32280
115.71,3270.4,32316
116.11,3319.8,32338
116.51,3380.1,32358
116.89,3431.1,32414
117.26,3464.6,32435
117.64,3488.9,32452
118.02,3505.2,32484
118.4,3499.4,32500
118.77,3496.2,32513
119.15,3481.6,32534
119.53,3480.6,32553
119.9,3479.5,32554
120.29,3493.2,32560
120.69,3494.8,32557
121.08,3465.5,32544
121.45,3449.4,32524
121.85,3425.3,32501
122.24,3387.9,32460
122.6,3373.6,32444
122.97,3361.8,32404
123.34,3347.8,32347
123.72,3352.6,32312
124.12,3376.7,32259
124.49,3397.2,32232
124.87,3436.7,32196
125.25,3486.4,32181
125.62,3530.1,32139
126.4,3615.3,32104
126.8,3622,32076
127.18,3593.7,32079
127.56,3548.2,32054
127.94,3479.5,32028
128.33,3390.5,32037
128.71,3302.7,32021
129.11,3227.7,31996
129.48,3162.5,31993
129.84,3103.3,31974
130.21,3035.7,31945
130.59,2953.7,31949
130.97,2921.3,31929
131.37,2906.4,31929
131.75,2967.5,31924
132.13,3014.1,31929
132.52,3107.5,31923
132.9,3196.7,31930
133.28,3319.8,31931
133.66,3397.9,31937
134.04,3460.6,31955
134.4,3509.3,31963
134.76,3535.8,31962
135.13,3563.1,31990
135.52,3580.7,31992
135.9,3568.4,32005
136.29,3536.6,32030
136.67,3507.3,32045
137.05,3485.3,32059
137.44,3496.2,32086
137.81,3516.4,32115
138.19,3504.3,32117
138.56,3506.1,32150
138.93,3501,32155
139.29,3477.6,32147
139.66,3450.2,32155
140.04,3430.4,32148
140.42,3425.6,32119
140.81,3427.4,32114
141.21,3456.3,32091
141.57,3498.1,32062
141.97,3536.6,32042
142.35,3551.6,32001
142.72,3540,31968
143.1,3545.3,31956
143.5,3568.1,31939
143.89,3612.6,31912
144.24,3660.1,31892
144.64,3683.2,31874
145.03,3700.4,31847
145.41,3702.7,31846
145.77,3712.6,31834
146.15,3703.7,31819
146.5,3672.4,31817
146.87,3640.9,31807
147.25,3618.5,31823
147.65,3615.6,31819
148.04,3636.5,31825
148.42,3668.6,31824
148.8,3709.2,31841
149.18,3743.6,31842
149.56,3784.4,31842
149.93,3800.2,31870
150.32,3829.3,31878
150.73,3834.2,31893
151.1,3825,31912
151.47,3789.7,31929
151.84,3747,31938
152.23,3717,31963
152.62,3698,31985
153.02,3728.8,31983
153.4,3740.4,32001
153.79,3731.7,32007
154.18,3718.8,31985
154.56,3723.8,31996
154.95,3732,31977
155.33,3740.9,31953
155.72,3759.6,31937
156.1,3768.2,31928
156.48,3758.1,31903
156.89,3752.3,31893
157.27,3744.5,31888
157.64,3735.9,31854
158.01,3723.4,31859
158.39,3696.8,31850
158.79,3691.6,31844
159.16,3676,31844
159.54,3644.4,31847
159.93,3655.8,31842
160.32,3688.7,31876
160.68,3727.2,31889
161.07,3767,31898
161.46,3814,31937
161.85,3864.2,31967
162.25,3904.5,31987
162.62,3917.1,32027
162.99,3921.8,32048
163.38,3889.6,32075
163.75,3865.9,32103
164.12,3845.2,32118
164.5,3832.1,32110
164.89,3814.4,32120
165.27,3799.4,32102
165.63,3811,32088
166,3822.8,32082
166.39,3827.6,32053
166.77,3840.2,32018
167.15,3869.4,31997
167.55,3906.4,31966
167.95,3954.6,31922
168.36,3977.5,31898
168.74,3956.3,31882
169.12,3964.7,31834
169.5,3949.7,31838
169.9,3950.3,31822
170.25,3929.8,31809
170.6,3855.5,31809
170.98,3796.9,31818
171.34,3715.8,31807
171.74,3634.8,31838
172.14,3597.1,31852
172.53,3595.9,31853
172.92,3603.1,31871
173.32,3625.6,31883
173.69,3635.3,31875
174.08,3643.3,31884
174.47,3646.5,31885
174.85,3677.9,31865
175.21,3703,31860
175.57,3713.9,31844
175.96,3675.2,31822
176.34,3656.2,31822
176.72,3623.6,31812
177.09,3610.1,31819
177.46,3604.6,31817
177.82,3616.2,31828
178.22,3653.5,31832
178.62,3688.3,31867
179.01,3704.5,31885
179.38,3708.8,31895
179.75,3692.8,31920
180.13,3694.6,31949
180.52,3723.8,31948
180.9,3767.9,31980
181.29,3815.3,31989
181.67,3866.6,31986
182.06,3894.4,32012
182.43,3910.7,32024
182.79,3886.5,32016
183.17,3836.1,32037
183.57,3534.8,32049
183.95,3528.4,32038
184.33,3557.3,32043
184.7,3597.6,32044
185.06,3655.6,32017
185.43,3725.2,32018
185.83,3777.8,32006
186.22,3809.7,31975
186.62,3820.3,31966
187,3831.6,31942
187.39,3838.3,31917
187.78,3838,31896
188.17,3815.1,31872
188.54,3819.5,31841
188.92,3819.5,31838
189.3,3845.1,31817
189.67,3867.1,31794
190.04,3876,31795
190.44,3870.7,31769
190.83,3871.1,31753
191.22,3877.9,31761
191.6,3877.8,31742
191.98,3883.3,31726
192.37,3889.1,31727
192.74,3914.4,31723
193.13,3925.5,31700
193.52,3936,31705
193.9,3925.2,31694
194.28,3931.7,31682
194.66,3950.4,31680
195.05,3926.7,31676
195.44,3900,31655
195.82,3870.7,31655
196.21,3831.7,31651
196.59,3811.7,31636
196.98,3787.2,31641
197.37,3772.7,31636
197.76,3753.4,31625
198.16,3727.3,31626
198.55,3700.1,31626
198.92,3675.9,31619
199.29,3636.8,31624
199.68,3639.1,31614
200.07,3653.9,31613
200.45,3682.1,31613
200.81,3727.2,31621
201.19,3790.1,31614
201.57,3859.3,31612
201.96,3918.2,31613
202.34,3965.2,31610
202.75,4000.6,31611
203.14,4016.6,31604
203.53,3980.4,31599
203.9,3901.9,31609
204.29,3859.1,31599
204.67,3824.4,31600
205.05,3786.1,31601
205.44,3771.8,31598
205.82,3733.2,31601
206.21,3716.7,31596
206.6,3721.6,31601
206.99,3730.2,31602
207.38,3681.1,31609
207.78,3673.4,31608
208.19,3672.2,31606
208.59,3677.1,31628
208.95,3684.7,31636
209.31,3681,31639
209.69,3685.6,31665
210.1,3653.1,31679
210.48,3653.3,31685
210.86,3629.8,31712
211.25,3594.4,31740
211.64,3549,31744
212.03,3544.7,31771
212.41,3547.9,31786
212.84,3551.5,31786
213.2,3601.5,31815
213.58,3614.4,31808
213.96,3588.1,31810
214.35,3445.6,31828
214.72,3490.5,31825
215.13,3476.1,31821
215.51,3450.6,31844
215.89,3442.8,31852
216.28,3492.6,31847
216.67,3555.6,31866
217.07,3530.2,31875
217.45,3513.2,31867
217.82,3570.1,31878
218.19,3594.9,31878
218.57,3625.1,31867
218.96,3636.1,31868
219.36,3650.9,31872
219.76,3657.8,31839
220.15,3677.2,31830
220.54,3707.4,31812
220.95,3735.4,31777
221.34,3748.7,31756
221.74,3737.7,31734
222.12,3730.8,31704
222.48,3717.9,31679
222.85,3689,31666
223.23,3650,31633
223.66,3602.1,31627
224.05,3584.8,31618
224.43,3595.1,31617
224.81,3618.8,31615
225.18,3652.3,31621
225.57,3688,31615
225.97,3700.1,31636
226.35,3703.6,31648
226.75,3725.4,31654
227.14,3732.9,31680
227.54,3738,31696
227.95,3727.4,31696
228.36,3722.8,31720
228.75,3737.6,31732
229.15,3736.4,31736
229.56,3735.2,31758
229.96,3721.9,31770
230.36,3725,31764
230.74,3727.9,31771
231.13,3757.8,31773
231.52,3789.6,31763
231.89,3784,31783
232.28,3772.1,31780
232.68,3766.7,31777
233.06,3769.1,31787
233.46,3799.9,31787
233.86,3820.6,31780
234.26,3801.4,31794
234.66,3792.8,31792
235.04,3766.4,31792
235.42,3727.1,31803
235.8,3669.9,31806
236.18,3593.6,31796
236.58,3532.2,31802
236.98,3525.1,31802
237.37,3536.9,31774
237.75,3550.9,31780
238.14,3556.1,31775
238.54,3567.7,31742
238.93,3583.9,31747
239.34,3609.3,31722
239.74,3632.7,31699
240.12,3662.9,31700
240.5,3674.3,31679
240.88,3691,31658
241.25,3729.4,31652
241.66,3746.6,31646
242.05,3769.5,31620
242.42,3762.1,31632
242.79,3735.2,31617
243.15,3705.7,31606
243.53,3668.1,31611
243.92,3638.4,31610
244.32,3636.9,31591
244.72,3656.2,31600
245.13,3670.3,31590
245.52,3687.9,31580
245.91,3703.6,31578
246.3,3722.8,31572
246.68,3730.6,31576
247.07,3726.5,31572
247.46,3736.3,31566
247.84,3723.9,31568
248.24,3721.7,31564
248.63,3726.3,31561
249.04,3744.3,31568
249.4,3744.4,31568
249.77,3748,31568
250.15,3742.4,31565
250.55,3742.8,31571
250.96,3731,31570
251.36,3720.8,31570
251.75,3717.1,31570
252.14,3734.1,31567
252.51,3713,31568
252.89,3680.2,31572
253.28,3659.5,31574
253.66,3643,31580
254.04,3629.9,31592
254.43,3623.5,31603
254.82,3627.7,31606
255.22,3643,31635
255.61,3661.7,31651
256,3694.1,31658
256.39,3714.4,31676
256.77,3723.7,31690
257.17,3738.2,31697
257.56,3745.5,31723
257.95,3739.8,31721
258.33,3731.9,31716
258.7,3705,31728
259.1,3694.9,31726
259.49,3692,31702
259.89,3700,31704
260.28,3702.8,31699
260.66,3695.8,31686
261.04,3692.8,31684
261.43,3731.7,31680
261.83,3774.3,31659
262.22,3773.4,31675
262.62,3776.6,31669
263,3752.9,31648
263.38,3752.6,31663
263.76,3720.8,31643
264.17,3722.9,31623
264.56,3748.9,31615
264.95,3773.9,31601
265.32,3803.1,31566
265.69,3834.2,31559
266.09,3843.9,31539
266.49,3850.7,31503
266.9,3862.8,31493
267.3,3847.1,31475
267.69,3835.6,31444
268.09,3804,31450
268.5,3802.4,31441
268.91,3831.8,31411
269.3,3855.3,31413
269.7,3888.5,31413
270.1,3894.9,31413
270.51,3882.7,31406
270.91,3861,31411
271.29,3830,31410
271.68,3799.9,31416
272.07,3759.7,31426
272.46,3754.9,31425
272.86,3763.8,31442
273.27,3762.8,31451
273.66,3755.6,31457
274.07,3772.5,31486
274.45,3784.3,31486
274.86,3806.6,31484
275.27,3861.6,31509
275.69,3898.3,31522
276.1,3902.6,31522
276.5,3901.7,31557
276.88,3850.9,31569
277.27,3817.6,31582
277.64,3780.8,31611
278.04,3743.6,31609
278.45,3734.3,31619
278.85,3748.3,31637
279.24,3765.1,31634
279.63,3790.4,31622
280.02,3807.2,31626
280.41,3846.3,31619
280.82,3864.9,31600
281.21,3883,31591
281.6,3874.3,31565
281.97,3865.7,31542
282.37,3852.4,31528
282.77,3830.9,31524
283.18,3831.1,31500
283.58,3841.1,31505
283.97,3840.8,31506
284.37,3839.8,31498
284.76,3831.5,31513
285.14,3842.1,31521
285.53,3839.9,31523
285.92,3817.6,31539
286.3,3811,31548
286.71,3804.7,31548
287.1,3814.7,31571
287.5,3822.1,31578
287.88,3813.7,31570
288.28,3809.9,31586
288.67,3802.7,31599
289.08,3793.1,31584
289.48,3771,31599
289.88,3767.9,31603
290.29,3785.6,31590
290.69,3793.2,31604
291.09,3815.7,31598
291.47,3829.1,31596
291.87,3838,31597
292.29,3863.6,31606
292.68,3848.8,31603
293.09,3841.2,31600
293.49,3829.4,31607
293.9,3799.1,31610
294.31,3782.4,31607
294.71,3769.1,31608
295.09,3752.4,31603
295.5,3769,31620
295.9,3796.1,31611
296.31,3833.4,31614
296.71,3860.7,31608
297.12,3875.8,31621
297.53,3881.2,31618
297.95,3873.1,31616
298.35,3859.8,31619
298.76,3857.7,31615
299.16,3846.3,31626
299.58,3813.1,31628
299.99,3785.7,31623
300.36,3772.1,31626
300.76,3760.7,31631
301.19,3758.8,31637
301.61,3747.7,31644
302.02,3738.7,31638
302.42,3751.9,31638
302.83,3781.8,31649
303.24,3796.8,31639
303.63,3826.7,31632
304.02,3848.6,31632
304.44,3848.7,31633
304.83,3845.4,31612
305.25,3840.2,31619
305.68,3819.2,31596
306.11,3784.8,31575
306.52,3787.3,31564
306.93,3796.9,31544
307.34,3809.8,31512
307.76,3805.7,31505
308.18,3802.8,31489
308.6,3795.4,31453
309.01,3818.1,31450
309.43,3804.7,31438
309.85,3801.4,31424
310.24,3790.6,31427
310.64,3793.5,31422
311.03,3790.9,31417
311.42,3785.1,31418
311.82,3774.9,31417
312.24,3771.9,31414
312.64,3765.4,31428
313.06,3761.9,31424
313.51,3742.1,31413
313.92,3731.6,31435
314.32,3721.7,31425
314.73,3738.1,31412
315.14,3749.6,31417
315.54,3758.9,31406
315.94,3758.3,31392
316.33,3749,31386
316.75,3775.5,31386
317.15,3789.7,31357
317.55,3808.2,31373
317.95,3809.7,31368
318.37,3810.1,31352
318.8,3817.9,31352
319.23,3829.5,31356
319.64,3845.9,31339
320.03,3885,31351
320.41,3917.9,31336
320.8,3898.2,31328
321.19,3894.3,31333
321.63,3887.5,31326
322.05,3861.2,31318
322.46,3849.4,31315
322.85,3822.8,31308
323.24,3812.7,31293
323.64,3784.7,31299
324.04,3789.7,31294
324.47,3816.3,31274
324.89,3842.7,31281
325.27,3812.8,31271
325.67,3794.3,31259
326.07,3796.4,31273
326.5,3818.3,31255
326.94,3852.8,31241
327.36,3838.9,31252
327.73,3816.9,31248
328.12,3790.2,31226
328.53,3781.9,31225
328.95,3798.9,31232
329.37,3810.4,31217
329.8,3828.2,31227
330.2,3827.9,31220
330.6,3837.5,31226
331,3836.6,31230
331.4,3832.9,31227
331.81,3807.4,31223
332.2,3777.6,31244
332.62,3777.5,31256
333.02,3794.5,31253
333.42,3826.8,31262
333.82,3865.3,31272
334.21,3888.1,31255
334.61,3887.5,31268
335,3895.8,31266
335.4,3890.1,31258
335.8,3873.2,31260
336.2,3848.8,31259
336.64,3830,31252
337.04,3781.4,31268
337.42,3745.9,31264
337.82,3745.4,31272
338.23,3747,31298
338.62,3743.3,31318
339,3739.9,31314
339.38,3727.4,31349
339.77,3708.2,31368
340.16,3719.2,31366
340.57,3743.9,31387
340.96,3764.9,31404
341.35,3773,31401
341.75,3780.3,31429
342.15,3782.9,31445
342.55,3796.5,31442
342.95,3816.4,31456
343.33,3831.5,31465
343.72,3834.9,31456
344.14,3839.7,31468
344.55,3840.6,31471
344.96,3837.2,31467
345.36,3840.4,31483
345.77,3829.7,31484
346.19,3819.9,31476
346.62,3826.9,31485
347.01,3831.2,31480
347.38,3840.6,31484
347.77,3823.4,31487
348.18,3797,31484
348.61,3768.8,31484
349.03,3752.6,31486
349.43,3766.2,31487
349.83,3785.8,31492
350.24,3808.8,31497
350.65,3821.2,31515
351.05,3817,31496
351.44,3821.4,31509
351.85,3831.6,31508
352.27,3839.8,31490
352.7,3817.4,31492
353.11,3798.9,31472
353.53,3785,31438
353.96,3802.3,31437
354.36,3818.4,31406
354.77,3825.5,31368
355.16,3809.3,31350
355.57,3778.6,31318
355.98,3759.3,31288
356.4,3748.1,31276
356.82,3737,31250
357.23,3729.4,31231
357.63,3742.1,31232
357.99,3754,31223
358.4,3758.6,31212
358.84,3745.1,31212
359.28,3764.6,31199
359.71,3772.2,31189
360.12,3753.2,31189
360.52,3744.6,31184
360.92,3746.6,31191
361.32,3761.2,31205
361.73,3768.3,31211
362.16,3776.3,31221
362.58,3788,31257
362.98,3792.2,31273
363.39,3800.3,31286
363.8,3809.2,31319
364.21,3779.1,31342
364.61,3771.3,31351
364.99,3732,31378
365.4,3697.3,31391
365.8,3700.1,31386
366.22,3696.2,31403
366.64,3701.2,31394
367.06,3736,31390
367.47,3786.9,31391
367.89,3830.3,31368
368.3,3843.9,31343
368.73,3843.5,31330
369.15,3845.9,31310
369.58,3850.1,31263
370,3838.1,31256
370.43,3827.9,31220
370.86,3834.6,31184
371.28,3825.3,31163
371.73,3808.3,31135
372.17,3801.2,31102
372.61,3790.9,31106
373.04,3801.4,31088
373.46,3835.5,31060
373.88,3834.9,31061
374.31,3812.3,31046
374.74,3829.3,31025
375.18,3817.8,31037
375.6,3807.9,31025
376.01,3780.9,31004
376.45,3751.2,31021
376.89,3745,31018
377.33,3729.5,31012
377.76,3706.6,31044
378.16,3691.5,31049
378.58,3690.2,31055
379,3690.1,31069
379.43,3679.4,31084
379.85,3672.9,31094
380.27,3700.9,31123
380.68,3740.3,31132
381.1,3790.3,31131
381.53,3818.1,31165
381.96,3814.3,31177
382.4,3799.9,31175
382.82,3824.2,31192
383.24,3836.2,31192
383.64,3842.8,31182
384.05,3834.8,31179
384.48,3788.6,31174
384.92,3749.1,31152
385.36,3693.9,31139
385.78,3642.1,31112
386.17,3615.1,31089
386.57,3603.8,31088
386.98,3601.4,31079
387.4,3671.9,31065
387.82,3652.1,31078
388.24,3628.4,31081
388.67,3628.8,31080
389.07,3632.6,31094
389.48,3638.7,31106
389.89,3638.1,31099
390.3,3632.2,31114
390.73,3606.7,31129
391.15,3594.6,31119
391.55,3611.3,31141
391.94,3648.5,31146
392.34,3686.6,31144
392.74,3737.2,31159
393.15,3758,31161
393.58,3784.3,31149
394.01,3814.5,31169
394.44,3819.4,31178
394.84,3792.5,31160
395.26,3775.7,31173
395.68,3754.9,31171
396.08,3721.5,31152
396.48,3670.5,31167
396.9,3645.1,31153
397.36,3647.4,31135
397.77,3669.4,31121
398.17,3684.2,31123
398.56,3702.3,31104
398.99,3730.2,31094
399.41,3711.5,31080
399.82,3682.1,31049
400.22,3650.5,31047
400.64,3614.6,31048
401.04,3601.1,31021
401.45,3613.4,31026
401.84,3640.8,31022
402.24,3667.1,31021
402.64,3696.3,31030
403.07,3694.4,31041
403.51,3696.5,31034
403.96,3716.4,31048
404.38,3758.6,31066
404.77,3808.6,31059
405.15,3836.2,31088
405.53,3839.9,31099
405.91,3821.7,31100
406.31,3799.9,31123
406.71,3764.3,31130
407.11,3744.8,31117
407.53,3694.4,31137
407.95,3651.3,31147
408.37,3647.2,31129
408.76,3672.6,31144
409.15,3695.5,31141
409.53,3684.4,31130
409.95,3694.4,31140
410.36,3700.2,31142
410.77,3719.5,31124
411.18,3752.6,31141
411.58,3739.4,31130
411.97,3744.6,31113
412.36,3750.9,31119
412.78,3723.5,31124
413.2,3703.3,31112
413.58,3687.1,31115
413.99,3687.2,31108
414.39,3690.1,31112
414.79,3711.4,31111
415.2,3750.4,31100
415.62,3789,31096
416.03,3813.4,31101
416.45,3843.6,31099
416.86,3873.9,31078
417.25,3901.4,31093
417.65,3895.4,31082
418.04,3850,31078
418.46,3795.8,31082
418.87,3736.5,31086
419.27,3702.4,31088
419.67,3682.1,31090
420.06,3668.6,31091
420.46,3657.5,31103
420.85,3639.1,31104
421.26,3613.6,31096
421.66,3612.2,31090
422.05,3617.2,31101
422.44,3623,31097
422.84,3625.9,31090
423.25,3614.3,31094
423.64,3600.3,31081
424.04,3606.7,31069
424.45,3634.2,31068
424.87,3631.8,31074
425.27,3628.1,31055
425.66,3606.9,31059
426.05,3593.7,31057
426.42,3602.3,31064
426.78,3622.5,31059
427.17,3647.4,31055
427.57,3692.1,31052
427.97,3732.7,31058
428.38,3732.4,31066
428.77,3720.5,31065
429.17,3718.8,31069
429.56,3710.3,31073
429.96,3700.5,31082
430.36,3694.6,31073
430.74,3697.2,31077
431.14,3693.8,31080
431.52,3697.7,31084
431.89,3715.8,31084
432.29,3731.6,31076
432.69,3747.9,31081
433.1,3772.9,31080
433.53,3785.4,31081
433.94,3762.6,31078
434.33,3741.8,31080
434.73,3731.6,31084
435.13,3711,31079
435.56,3671.3,31080
435.97,3642.9,31083
436.38,3632.9,31082
436.79,3624.7,31086
437.19,3606.3,31086
437.58,3605.9,31086
437.95,3599.3,31090
438.35,3594,31086
438.75,3590,31087
439.16,3580.8,31087
439.57,3617.7,31079
439.98,3640.4,31080
440.38,3661.7,31090
440.78,3670.9,31069
441.19,3689.8,31076
441.61,3696,31068
442.02,3712.6,31040
442.44,3722.4,31042
442.85,3734.5,31030
443.26,3757.2,31002
443.66,3741.6,30998
444.07,3731.5,30983
444.47,3716.4,30944
444.88,3675.1,30946
445.29,3647.5,30938
445.7,3638,30914
446.1,3647.7,30930
446.51,3664.2,30924
446.93,3673.2,30920
447.34,3697.9,30932
447.75,3744.7,30937
448.16,3805.1,30928
448.57,3803,30945
449,3785.8,30947
449.41,3744.6,30940
449.82,3713,30945
450.22,3713.6,30944
450.6,3714.7,30936
451,3734.4,30937
451.4,3774.3,30944
451.8,3823.9,30924
452.23,3855.2,30925
452.65,3887.3,30911
453.06,3885.4,30889
453.47,3848.7,30896
453.88,3831.1,30882
454.29,3785.3,30867
454.71,3757.2,30863
455.12,3748.4,30859
455.53,3736.3,30834
455.93,3730.5,30842
456.32,3732,30840
456.71,3710.4,30822
457.09,3717,30831
457.48,3714.4,30828
457.91,3717.1,30828
458.34,3697.5,30844
458.77,3689.8,30855
459.16,3714.6,30858
459.55,3737.9,30894
459.95,3760.7,30896
460.37,3799.3,30896
460.77,3856.5,30920
461.18,3881.5,30920
461.57,3888.6,30904
461.95,3885.5,30908
462.32,3870.4,30904
462.72,3850.7,30868
463.13,3836.2,30874
463.55,3835.3,30850
463.96,3824.4,30827
464.36,3799.8,30814
464.78,3778.4,30806
465.19,3785.3,30773
465.59,3803.9,30772
466,3804.1,30755
466.41,3795.6,30727
466.83,3777.1,30728
467.22,3787.8,30704
467.62,3807.3,30689
468.03,3845.6,30681
468.47,3879.7,30663
468.88,3888.1,30637
469.29,3929.5,30642
469.69,3985.6,30634
470.09,4015.4,30617
470.49,4014,30625
470.9,4007.4,30637
471.28,3998.8,30623
471.68,3998.6,30649
472.13,3976.9,30670
472.53,3964.5,30672
472.92,3923.8,30708
473.33,3912.1,30736
473.73,3884.1,30752
474.13,3889.2,30778
474.53,3899.8,30800
474.93,3926.1,30805
475.33,3975.5,30828
475.75,4004.5,30831
476.16,4046.3,30825
476.56,4059.3,30832
476.96,4070.6,30827
477.35,4048.6,30794
477.75,4041.5,30789
478.15,4018.8,30767
478.57,3964.3,30745
478.99,3908.9,30746
479.39,3853.7,30736
479.78,3795.6,30724
480.17,3728.8,30733
480.57,3688.6,30742
480.98,3667.8,30745
481.4,3695.9,30768
481.81,3719.5,30789
482.19,3743.2,30791
482.58,3787.5,30822
482.99,3842.7,30840
483.41,3866.3,30852
483.81,3863.3,30874
484.24,3852.9,30882
484.63,3845.5,30883
485.03,3822.7,30898
485.44,3795.5,30891
485.85,3791.4,30876
486.23,3756.2,30875
486.65,3742.2,30854
487.05,3767.8,30831
487.45,3847.5,30825
487.84,4125.8,30807
488.25,4143.4,30791
488.66,4193.6,30788
489.07,4265.1,30776
489.48,4330,30759
489.89,4397.2,30758
490.3,4418.6,30759
490.72,4438,30734
491.13,4457,30744
491.54,4423.7,30736
491.95,4383.6,30728
492.37,4323.3,30737
492.78,4234,30741
493.17,4143.6,30719
493.56,4076.2,30732
493.97,3985.5,30739
494.38,3928.3,30743
494.79,3916.1,30736
495.21,4497.9,30731
495.62,4486.1,30720
496.04,4486.2,30728
496.42,4520.2,30729
496.82,4582.3,30724
497.22,4651.9,30721
497.64,4708,30730
498.05,4730.5,30714
498.46,4762.6,30723
498.86,4802.9,30723
499.26,4819.8,30701
499.65,4815.1,30715
500.03,4791.4,30704
500.41,4767.8,30699
500.83,4710,30702
501.26,4669.9,30710
501.64,3989.8,30685
502.04,3968.9,30698
502.46,3943,30687
502.87,3920.6,30678
503.28,3873.2,30682
503.71,3856,30675
504.11,3850.4,30668
504.51,3852.7,30677
504.9,3841.6,30667
505.31,3837,30660
505.71,3836.3,30673
506.13,3832.9,30669
506.55,3850.4,30655
506.96,3708.7,30679
507.36,3650.2,30684
507.76,3121,30673
508.16,3122.9,30696
508.54,3112.5,30705
508.93,3107.6,30710
509.33,3121.5,30729
509.74,3155.5,30744
510.16,3203.6,30737
510.57,3261.2,30742
510.98,3297.2,30749
511.4,3323.2,30738
511.81,3362.6,30744
512.21,3429,30739
512.6,3513.3,30727
512.98,3570,30732
513.36,3611.3,30732
513.75,3678.2,30706
514.18,3725.8,30717
514.57,3751.6,30704
514.97,3750.3,30695
515.38,3741.1,30701
515.78,3721.9,30688
516.18,3694.1,30674
516.6,3684.8,30682
517.01,3689.9,30680
517.41,3726,30670
517.81,3744.8,30666
518.2,3772.4,30661
518.6,3794.7,30665
518.99,3811.2,30663
519.38,3843.4,30664
519.79,3904.2,30652
520.2,3954.4,30657
520.62,3977.7,30644
521.03,3984.9,30631
521.44,3976.2,30641
521.85,3952.1,30625
522.26,3942.1,30603
522.67,3919.4,30614
523.05,3903.7,30602
523.47,3874.7,30584
523.88,3836.5,30585
524.3,3810.9,30583
524.72,3801.3,30562
525.13,3805.6,30568
525.55,3825.2,30558
525.98,3805.8,30547
526.41,3775.7,30560
526.83,3743.4,30550
527.23,3722.6,30531
527.62,3734.4,30542
528.02,3770.3,30545
528.4,3832.4,30517
528.79,3898,30525
529.18,3948.3,30520
529.59,3978.7,30526
530.01,4012.1,30518
530.43,4017,30522
530.86,4008.3,30515
531.28,3972.2,30530
531.7,3951.1,30520
532.11,3966,30516
532.51,3990.5,30527
532.9,4009.4,30537
533.3,4017.4,30528
533.7,4018.6,30538
534.11,4049.6,30554
534.51,4098.1,30548
534.9,4134.1,30576
535.29,4137.9,30580
535.7,4154,30566
536.11,4194.9,30594
536.51,4253.5,30600
536.91,4288.3,30585
